Unnamed: 0,ABREU E LIMA,AFOGADOS DA INGAZEIRA,AFRANIO,AGRESTINA,AGUA PRETA,AGUAS BELAS,ALAGOINHA,ALIANCA,ALTINHO,AMARAJI,ANGELIM,ARACOIABA,ARARIPINA,ARCOVERDE,BARRA DE GUABIRABA,BARREIROS,BELEM DE MARIA,BELO JARDIM,BETANIA,BEZERROS,BODOCO,BOM CONSELHO,BOM JARDIM,BONITO,BREJO DA MADRE DE DEUS,BUENOS AIRES,BUIQUE,CABO DE SANTO AGOSTINHO,CABROBO,CACHOEIRINHA,CAETES,CALCADO,CALUMBI,CAMARAGIBE,CAMOCIM DE SAO FELIX,CAMUTANGA,CANHOTINHO,CAPOEIRAS,CARNAIBA,CARNAUBEIRA DA PENHA,CARPINA,CARUARU,CASINHAS,CATENDE,CEDRO,CHA DE ALEGRIA,CHA GRANDE,CONDADO,CORRENTES,CORTES,CUMARU,CUPIRA,CUSTODIA,DORMENTES,ESCADA,EXU,FEIRA NOVA,FERREIROS,FLORES,FLORESTA,FREI MIGUELINHO,GAMELEIRA,GARANHUNS,GLORIA DO GOITA,GOIANA,GRAVATA,IBIMIRIM,IGARASSU,IGUARACI,ILHA DE ITAMARACA,INAJA,IPOJUCA,IPUBI,ITACURUBA,ITAIBA,ITAMBE,ITAPETIM,ITAPISSUMA,ITAQUITINGA,JABOATAO DOS GUARARAPES,JAQUEIRA,JATAUBA,JOAO ALFREDO,JOAQUIM NABUCO,JUCATI,JUPI,JUREMA,LAGOA DO CARRO,LAGOA DO ITAENGA,LAGOA DO OURO,LAGOA DOS GATOS,LAGOA GRANDE,LAJEDO,LIMOEIRO,MACAPARANA,MACHADOS,MARAIAL,MIRANDIBA,MOREILANDIA,MORENO,NAZARE DA MATA,OLINDA,OROBO,OROCO,OURICURI,OUTRO ESTADO,OUTRO PAIS,PALMARES,PALMEIRINA,PANELAS,PARANATAMA,PARNAMIRIM,PASSIRA,PAUDALHO,PAULISTA,PEDRA,PESQUEIRA,PETROLANDIA,PETROLINA,POCAO,POMBOS,PRIMAVERA,QUIPAPA,QUIXABA,RECIFE,RIACHO DAS ALMAS,RIBEIRAO,RIO FORMOSO,SAIRE,SALGADINHO,SALGUEIRO,SALOA,SANHARO,SANTA CRUZ DO CAPIBARIBE,SANTA MARIA DO CAMBUCA,SANTA TEREZINHA,SAO BENEDITO DO SUL,SAO BENTO DO UNA,SAO CAITANO,SAO JOAQUIM DO MONTE,SAO JOSE DA COROA GRANDE,SAO JOSE DO EGITO,SAO LOURENCO DA MATA,SAO VICENTE FERRER,SERRA TALHADA,SERRITA,SERTANIA,SIRINHAEM,SURUBIM,TABIRA,TACAIMBO,TACARATU,TAMANDARE,TAQUARITINGA DO NORTE,TEREZINHA,TERRA NOVA,TIMBAUBA,TORITAMA,TRACUNHAEM,TRINDADE,TRIUNFO,TUPANATINGA,TUPARETAMA,VENTUROSA,VERTENTE DO LERIO,VERTENTES,VICENCIA,VITORIA DE SANTO ANTAO,XEXEU
26 Mar,0.0,0.0,0.0,0.0,0.0,0.0,0.0,0.0,0.0,0.0,0.0,0.0,0.0,0.0,0.0,0.0,0.0,0.0,0.0,0.0,0.0,0.0,0.0,0.0,0.0,0.0,0.0,0.0,0.0,0.0,0.0,0.0,0.0,0.0,0.0,0.0,0.0,0.0,0.0,0.0,0.0,0.0,0.0,0.0,0.0,0.0,0.0,0.0,0.0,0.0,0.0,0.0,0.0,0.0,0.0,0.0,0.0,0.0,0.0,0.0,0.0,0.0,0.0,0.0,0.0,0.0,0.0,0.0,0.0,0.0,0.0,0.0,0.0,0.0,0.0,0.0,0.0,0.0,0.0,0.0,0.0,0.0,0.0,0.0,0.0,0.0,0.0,0.0,0.0,0.0,0.0,0.0,0.0,0.0,0.0,0.0,0.0,0.0,0.0,0.0,0.0,0.0,0.0,0.0,0.0,0.0,1.0,0.0,0.0,0.0,0.0,0.0,0.0,0.0,0.0,0.0,0.0,0.0,0.0,0.0,0.0,0.0,0.0,0.0,2.0,0.0,0.0,0.0,0.0,0.0,0.0,0.0,0.0,0.0,0.0,0.0,0.0,0.0,0.0,0.0,0.0,0.0,0.0,0.0,0.0,0.0,0.0,0.0,0.0,0.0,0.0,0.0,0.0,0.0,0.0,0.0,0.0,0.0,0.0,0.0,0.0,0.0,0.0,0.0,0.0,0.0,0.0,0.0,0.0
27 Mar,0.0,0.0,0.0,0.0,0.0,0.0,0.0,0.0,0.0,0.0,0.0,0.0,0.0,0.0,0.0,0.0,0.0,0.0,0.0,0.0,0.0,0.0,0.0,0.0,0.0,0.0,0.0,0.0,0.0,0.0,0.0,0.0,0.0,0.0,0.0,0.0,0.0,0.0,0.0,0.0,0.0,0.0,0.0,0.0,0.0,0.0,0.0,0.0,0.0,0.0,0.0,0.0,0.0,0.0,0.0,0.0,0.0,0.0,0.0,0.0,0.0,0.0,0.0,0.0,0.0,0.0,0.0,0.0,0.0,0.0,0.0,0.0,0.0,0.0,0.0,0.0,0.0,0.0,0.0,0.0,0.0,0.0,0.0,0.0,0.0,0.0,0.0,0.0,0.0,0.0,0.0,0.0,0.0,0.0,0.0,0.0,0.0,0.0,0.0,0.0,0.0,0.0,0.0,0.0,0.0,0.0,1.0,0.0,0.0,0.0,0.0,0.0,0.0,0.0,0.0,0.0,0.0,0.0,0.0,0.0,0.0,0.0,0.0,0.0,3.0,0.0,0.0,0.0,0.0,0.0,0.0,0.0,0.0,0.0,0.0,0.0,0.0,0.0,0.0,0.0,0.0,0.0,0.0,0.0,0.0,0.0,0.0,0.0,0.0,0.0,0.0,0.0,0.0,0.0,0.0,0.0,0.0,0.0,0.0,0.0,0.0,0.0,0.0,0.0,0.0,0.0,0.0,0.0,0.0
28 Mar,0.0,0.0,0.0,0.0,0.0,0.0,0.0,0.0,0.0,0.0,0.0,0.0,0.0,0.0,0.0,0.0,0.0,0.0,0.0,0.0,0.0,0.0,0.0,0.0,0.0,0.0,0.0,0.0,0.0,0.0,0.0,0.0,0.0,0.0,0.0,0.0,0.0,0.0,0.0,0.0,0.0,0.0,0.0,0.0,0.0,0.0,0.0,0.0,0.0,0.0,0.0,0.0,0.0,0.0,0.0,0.0,0.0,0.0,0.0,0.0,0.0,0.0,0.0,0.0,0.0,0.0,0.0,0.0,0.0,0.0,0.0,0.0,0.0,0.0,0.0,0.0,0.0,0.0,0.0,0.0,0.0,0.0,0.0,0.0,0.0,0.0,0.0,0.0,0.0,0.0,0.0,0.0,0.0,0.0,0.0,0.0,0.0,0.0,0.0,0.0,0.0,0.0,0.0,0.0,0.0,0.0,1.0,0.0,0.0,0.0,0.0,0.0,0.0,0.0,0.0,0.0,0.0,0.0,0.0,0.0,0.0,0.0,0.0,0.0,4.0,0.0,0.0,0.0,0.0,0.0,0.0,0.0,0.0,0.0,0.0,0.0,0.0,0.0,0.0,0.0,0.0,0.0,0.0,0.0,0.0,0.0,0.0,0.0,0.0,0.0,0.0,0.0,0.0,0.0,0.0,0.0,0.0,0.0,0.0,0.0,0.0,0.0,0.0,0.0,0.0,0.0,0.0,0.0,0.0
29 Mar,0.0,0.0,0.0,0.0,0.0,0.0,0.0,0.0,0.0,0.0,0.0,0.0,0.0,0.0,0.0,0.0,0.0,0.0,0.0,0.0,0.0,0.0,0.0,0.0,0.0,0.0,0.0,0.0,0.0,0.0,0.0,0.0,0.0,0.0,0.0,0.0,0.0,0.0,0.0,0.0,0.0,0.0,0.0,0.0,0.0,0.0,0.0,0.0,0.0,0.0,0.0,0.0,0.0,0.0,0.0,0.0,0.0,0.0,0.0,0.0,0.0,0.0,0.0,0.0,0.0,0.0,0.0,0.0,0.0,0.0,0.0,0.0,0.0,0.0,0.0,0.0,0.0,0.0,0.0,0.0,0.0,0.0,0.0,0.0,0.0,0.0,0.0,0.0,0.0,0.0,0.0,0.0,0.0,0.0,0.0,0.0,0.0,0.0,0.0,0.0,0.0,0.0,0.0,0.0,0.0,0.0,1.0,0.0,0.0,0.0,0.0,0.0,0.0,0.0,0.0,0.0,0.0,0.0,0.0,0.0,0.0,0.0,0.0,0.0,4.0,0.0,0.0,0.0,0.0,0.0,0.0,0.0,0.0,0.0,0.0,0.0,0.0,0.0,0.0,0.0,0.0,0.0,0.0,0.0,0.0,0.0,0.0,0.0,0.0,0.0,0.0,0.0,0.0,0.0,0.0,0.0,0.0,0.0,0.0,0.0,0.0,0.0,0.0,0.0,0.0,0.0,0.0,0.0,0.0
30 Mar,0.0,0.0,0.0,0.0,0.0,0.0,0.0,0.0,0.0,0.0,0.0,0.0,0.0,0.0,0.0,0.0,0.0,0.0,0.0,0.0,0.0,0.0,0.0,0.0,0.0,0.0,0.0,0.0,0.0,0.0,0.0,0.0,0.0,0.0,0.0,0.0,0.0,0.0,0.0,0.0,0.0,0.0,0.0,0.0,0.0,0.0,0.0,0.0,0.0,0.0,0.0,0.0,0.0,0.0,0.0,0.0,0.0,0.0,0.0,0.0,0.0,0.0,0.0,0.0,0.0,0.0,0.0,0.0,0.0,0.0,0.0,0.0,0.0,0.0,0.0,0.0,0.0,0.0,0.0,0.0,0.0,0.0,0.0,0.0,0.0,0.0,0.0,0.0,0.0,0.0,0.0,0.0,0.0,0.0,0.0,0.0,0.0,0.0,0.0,0.0,0.0,0.0,0.0,0.0,0.0,0.0,1.0,0.0,0.0,0.0,0.0,0.0,0.0,0.0,0.0,0.0,0.0,0.0,0.0,0.0,0.0,0.0,0.0,0.0,4.0,0.0,0.0,0.0,0.0,0.0,0.0,0.0,0.0,0.0,0.0,0.0,0.0,0.0,0.0,0.0,0.0,0.0,0.0,0.0,0.0,0.0,0.0,0.0,0.0,0.0,0.0,0.0,0.0,0.0,0.0,0.0,0.0,0.0,0.0,0.0,0.0,0.0,0.0,0.0,0.0,0.0,0.0,0.0,0.0
31 Mar,0.0,0.0,0.0,0.0,0.0,0.0,0.0,0.0,0.0,0.0,0.0,0.0,0.0,0.0,0.0,0.0,0.0,0.0,0.0,0.0,0.0,0.0,0.0,0.0,0.0,0.0,0.0,0.0,0.0,0.0,0.0,0.0,0.0,0.0,0.0,0.0,0.0,0.0,0.0,0.0,0.0,0.0,0.0,0.0,0.0,0.0,0.0,0.0,0.0,0.0,0.0,0.0,0.0,0.0,0.0,0.0,0.0,0.0,0.0,0.0,0.0,0.0,0.0,0.0,0.0,0.0,0.0,0.0,0.0,0.0,0.0,0.0,0.0,0.0,0.0,0.0,0.0,0.0,0.0,0.0,0.0,0.0,0.0,0.0,0.0,0.0,0.0,0.0,0.0,0.0,0.0,0.0,0.0,0.0,0.0,0.0,0.0,0.0,0.0,0.0,0.0,0.0,0.0,0.0,0.0,0.0,1.0,0.0,0.0,0.0,0.0,0.0,0.0,0.0,0.0,0.0,0.0,0.0,0.0,0.0,0.0,0.0,0.0,0.0,4.0,0.0,0.0,0.0,0.0,0.0,0.0,0.0,0.0,0.0,0.0,0.0,0.0,0.0,0.0,0.0,0.0,0.0,0.0,0.0,0.0,0.0,0.0,0.0,0.0,0.0,0.0,0.0,0.0,0.0,0.0,0.0,0.0,0.0,0.0,0.0,0.0,0.0,0.0,0.0,0.0,0.0,0.0,0.0,0.0
01 Apr,0.0,0.0,0.0,0.0,0.0,0.0,0.0,0.0,0.0,0.0,0.0,0.0,0.0,0.0,0.0,0.0,0.0,0.0,0.0,0.0,0.0,0.0,0.0,0.0,0.0,0.0,0.0,0.0,0.0,0.0,0.0,0.0,0.0,0.0,0.0,0.0,0.0,0.0,0.0,0.0,0.0,0.0,0.0,0.0,0.0,0.0,0.0,0.0,0.0,0.0,0.0,0.0,0.0,0.0,0.0,0.0,0.0,0.0,0.0,0.0,0.0,0.0,0.0,0.0,0.0,0.0,0.0,0.0,0.0,0.0,0.0,0.0,0.0,0.0,0.0,0.0,0.0,0.0,0.0,0.0,0.0,0.0,0.0,0.0,0.0,0.0,0.0,0.0,0.0,0.0,0.0,0.0,0.0,0.0,0.0,0.0,0.0,0.0,0.0,0.0,0.0,0.0,0.0,0.0,0.0,0.0,1.0,0.0,0.0,0.0,0.0,0.0,0.0,0.0,0.0,0.0,0.0,0.0,0.0,0.0,0.0,0.0,0.0,0.0,4.0,0.0,0.0,0.0,0.0,0.0,0.0,0.0,0.0,0.0,0.0,0.0,0.0,0.0,0.0,0.0,0.0,0.0,0.0,0.0,0.0,0.0,0.0,0.0,0.0,0.0,0.0,0.0,0.0,0.0,0.0,0.0,0.0,0.0,0.0,0.0,0.0,0.0,0.0,0.0,0.0,0.0,0.0,0.0,0.0
02 Apr,0.0,0.0,0.0,0.0,0.0,0.0,0.0,0.0,0.0,0.0,0.0,0.0,0.0,0.0,0.0,0.0,0.0,0.0,0.0,0.0,0.0,0.0,0.0,0.0,0.0,0.0,0.0,0.0,0.0,0.0,0.0,0.0,0.0,0.0,0.0,0.0,0.0,0.0,0.0,0.0,0.0,0.0,0.0,0.0,0.0,0.0,0.0,0.0,0.0,0.0,0.0,0.0,0.0,0.0,0.0,0.0,0.0,0.0,0.0,0.0,0.0,0.0,0.0,0.0,1.0,0.0,0.0,0.0,0.0,0.0,0.0,0.0,0.0,0.0,0.0,0.0,0.0,0.0,0.0,0.0,0.0,0.0,0.0,0.0,0.0,0.0,0.0,0.0,0.0,0.0,0.0,0.0,0.0,0.0,0.0,0.0,0.0,0.0,0.0,0.0,0.0,1.0,0.0,0.0,0.0,0.0,1.0,0.0,0.0,0.0,0.0,0.0,0.0,0.0,0.0,0.0,0.0,0.0,0.0,0.0,0.0,0.0,0.0,0.0,6.0,0.0,0.0,0.0,0.0,0.0,0.0,0.0,0.0,0.0,0.0,0.0,0.0,0.0,0.0,0.0,0.0,0.0,0.0,0.0,0.0,0.0,0.0,0.0,0.0,0.0,0.0,0.0,0.0,0.0,0.0,0.0,0.0,0.0,0.0,0.0,0.0,0.0,0.0,0.0,0.0,0.0,0.0,0.0,0.0
03 Apr,0.0,0.0,0.0,0.0,0.0,0.0,0.0,0.0,0.0,0.0,0.0,0.0,0.0,0.0,0.0,0.0,0.0,0.0,0.0,0.0,0.0,0.0,0.0,0.0,0.0,0.0,0.0,1.0,0.0,0.0,0.0,0.0,0.0,0.0,0.0,0.0,0.0,0.0,0.0,0.0,0.0,0.0,0.0,0.0,0.0,0.0,0.0,0.0,0.0,0.0,0.0,0.0,0.0,0.0,0.0,0.0,0.0,0.0,0.0,0.0,0.0,0.0,0.0,0.0,1.0,0.0,0.0,0.0,0.0,0.0,0.0,0.0,0.0,0.0,0.0,0.0,0.0,0.0,0.0,0.0,0.0,0.0,0.0,0.0,0.0,0.0,0.0,0.0,0.0,0.0,0.0,0.0,0.0,0.0,0.0,0.0,0.0,0.0,0.0,0.0,0.0,1.0,0.0,0.0,0.0,0.0,1.0,0.0,0.0,0.0,0.0,0.0,0.0,0.0,0.0,0.0,0.0,0.0,0.0,0.0,0.0,0.0,0.0,0.0,6.0,0.0,0.0,0.0,0.0,0.0,0.0,0.0,0.0,0.0,0.0,0.0,0.0,0.0,0.0,0.0,0.0,0.0,0.0,0.0,0.0,0.0,0.0,0.0,0.0,0.0,0.0,0.0,0.0,0.0,0.0,0.0,0.0,0.0,0.0,0.0,0.0,0.0,0.0,0.0,0.0,0.0,0.0,0.0,0.0
04 Apr,0.0,0.0,0.0,0.0,0.0,0.0,0.0,0.0,0.0,0.0,0.0,0.0,0.0,0.0,0.0,0.0,0.0,0.0,0.0,0.0,0.0,0.0,0.0,0.0,0.0,0.0,0.0,1.0,0.0,0.0,0.0,0.0,0.0,0.0,0.0,0.0,0.0,0.0,0.0,0.0,0.0,0.0,0.0,0.0,0.0,0.0,0.0,0.0,0.0,0.0,0.0,0.0,0.0,0.0,0.0,0.0,0.0,0.0,0.0,0.0,0.0,0.0,0.0,0.0,1.0,0.0,0.0,0.0,0.0,0.0,0.0,0.0,0.0,0.0,0.0,0.0,0.0,0.0,0.0,0.0,0.0,0.0,0.0,0.0,0.0,0.0,0.0,0.0,0.0,0.0,0.0,0.0,0.0,0.0,0.0,0.0,0.0,0.0,0.0,0.0,0.0,1.0,0.0,0.0,0.0,0.0,1.0,0.0,0.0,0.0,0.0,0.0,0.0,0.0,0.0,0.0,0.0,0.0,0.0,0.0,0.0,0.0,0.0,0.0,10.0,0.0,0.0,0.0,0.0,0.0,0.0,0.0,0.0,0.0,0.0,0.0,0.0,0.0,0.0,0.0,0.0,0.0,0.0,0.0,0.0,0.0,0.0,0.0,0.0,0.0,0.0,0.0,0.0,0.0,0.0,0.0,0.0,0.0,0.0,0.0,0.0,0.0,0.0,0.0,0.0,0.0,0.0,0.0,0.0
05 Apr,0.0,0.0,0.0,0.0,0.0,0.0,0.0,0.0,0.0,0.0,0.0,0.0,0.0,0.0,0.0,0.0,0.0,0.0,0.0,0.0,0.0,0.0,0.0,0.0,0.0,0.0,0.0,1.0,0.0,0.0,0.0,0.0,0.0,0.0,0.0,0.0,0.0,0.0,0.0,0.0,0.0,0.0,0.0,0.0,0.0,0.0,0.0,0.0,0.0,0.0,0.0,0.0,0.0,0.0,0.0,0.0,0.0,0.0,0.0,0.0,0.0,0.0,0.0,0.0,1.0,0.0,0.0,0.0,0.0,0.0,0.0,0.0,0.0,0.0,0.0,0.0,0.0,0.0,0.0,0.0,0.0,0.0,0.0,0.0,0.0,0.0,0.0,0.0,0.0,0.0,0.0,0.0,0.0,0.0,0.0,0.0,0.0,0.0,0.0,0.0,0.0,3.0,0.0,0.0,0.0,0.0,1.0,1.0,0.0,0.0,0.0,0.0,0.0,0.0,0.0,0.0,0.0,0.0,0.0,0.0,0.0,0.0,0.0,0.0,14.0,0.0,0.0,0.0,0.0,0.0,0.0,0.0,0.0,0.0,0.0,0.0,0.0,0.0,0.0,0.0,0.0,0.0,0.0,0.0,0.0,0.0,0.0,0.0,0.0,0.0,0.0,0.0,0.0,0.0,0.0,0.0,0.0,0.0,0.0,0.0,0.0,0.0,0.0,0.0,0.0,0.0,0.0,0.0,0.0
06 Apr,0.0,0.0,0.0,0.0,0.0,0.0,0.0,0.0,0.0,0.0,0.0,0.0,0.0,0.0,0.0,0.0,0.0,0.0,0.0,0.0,0.0,0.0,0.0,0.0,0.0,0.0,0.0,1.0,0.0,0.0,0.0,0.0,0.0,1.0,0.0,0.0,0.0,0.0,0.0,0.0,0.0,0.0,0.0,0.0,0.0,0.0,0.0,0.0,0.0,0.0,0.0,0.0,0.0,0.0,0.0,0.0,0.0,0.0,0.0,0.0,0.0,0.0,0.0,0.0,1.0,0.0,0.0,0.0,0.0,0.0,0.0,0.0,0.0,0.0,0.0,0.0,0.0,0.0,0.0,1.0,0.0,0.0,0.0,0.0,0.0,0.0,0.0,1.0,0.0,0.0,0.0,0.0,0.0,0.0,0.0,0.0,0.0,0.0,0.0,0.0,0.0,3.0,0.0,0.0,0.0,0.0,1.0,1.0,0.0,0.0,0.0,0.0,0.0,1.0,0.0,0.0,0.0,0.0,0.0,0.0,0.0,0.0,0.0,0.0,16.0,0.0,0.0,0.0,0.0,0.0,0.0,0.0,0.0,0.0,0.0,0.0,0.0,0.0,0.0,0.0,0.0,0.0,3.0,0.0,0.0,0.0,0.0,0.0,0.0,0.0,0.0,0.0,0.0,0.0,0.0,0.0,0.0,0.0,0.0,0.0,0.0,0.0,0.0,0.0,0.0,0.0,0.0,0.0,0.0
07 Apr,0.0,0.0,0.0,0.0,0.0,0.0,0.0,0.0,0.0,0.0,0.0,0.0,0.0,0.0,0.0,0.0,0.0,0.0,0.0,0.0,0.0,0.0,0.0,0.0,0.0,0.0,0.0,1.0,0.0,0.0,0.0,0.0,0.0,1.0,0.0,0.0,0.0,0.0,0.0,0.0,0.0,0.0,0.0,1.0,0.0,0.0,0.0,0.0,0.0,0.0,0.0,0.0,0.0,0.0,0.0,0.0,0.0,0.0,0.0,0.0,0.0,0.0,0.0,0.0,1.0,0.0,0.0,0.0,0.0,0.0,0.0,0.0,0.0,0.0,0.0,0.0,0.0,0.0,0.0,1.0,0.0,0.0,0.0,0.0,0.0,0.0,0.0,1.0,0.0,0.0,0.0,0.0,0.0,0.0,1.0,0.0,0.0,0.0,0.0,0.0,0.0,3.0,0.0,0.0,0.0,0.0,1.0,1.0,0.0,0.0,0.0,0.0,0.0,1.0,0.0,0.0,0.0,0.0,0.0,0.0,0.0,0.0,0.0,0.0,18.0,0.0,0.0,0.0,0.0,0.0,0.0,0.0,0.0,0.0,0.0,0.0,0.0,0.0,0.0,0.0,0.0,0.0,3.0,0.0,0.0,0.0,0.0,0.0,0.0,0.0,0.0,0.0,0.0,0.0,0.0,0.0,0.0,0.0,0.0,0.0,0.0,0.0,0.0,0.0,0.0,0.0,0.0,0.0,0.0
08 Apr,0.0,0.0,0.0,0.0,0.0,0.0,0.0,0.0,0.0,0.0,0.0,0.0,0.0,0.0,0.0,0.0,0.0,0.0,0.0,0.0,0.0,0.0,1.0,0.0,0.0,0.0,0.0,2.0,0.0,0.0,0.0,0.0,0.0,2.0,0.0,0.0,0.0,0.0,0.0,0.0,0.0,0.0,0.0,1.0,0.0,0.0,0.0,0.0,0.0,0.0,0.0,0.0,0.0,0.0,0.0,0.0,0.0,0.0,0.0,0.0,0.0,0.0,0.0,0.0,2.0,0.0,0.0,0.0,0.0,0.0,0.0,0.0,0.0,0.0,0.0,0.0,0.0,0.0,0.0,2.0,0.0,0.0,0.0,0.0,0.0,0.0,0.0,1.0,0.0,0.0,0.0,0.0,0.0,0.0,1.0,0.0,0.0,0.0,0.0,0.0,0.0,5.0,0.0,0.0,0.0,0.0,1.0,1.0,0.0,0.0,0.0,0.0,0.0,1.0,0.0,0.0,0.0,0.0,0.0,0.0,0.0,0.0,0.0,0.0,22.0,0.0,0.0,0.0,0.0,0.0,0.0,0.0,0.0,0.0,0.0,0.0,0.0,0.0,0.0,0.0,0.0,0.0,4.0,0.0,0.0,0.0,0.0,0.0,0.0,0.0,0.0,0.0,0.0,0.0,0.0,0.0,0.0,0.0,0.0,0.0,0.0,0.0,0.0,0.0,0.0,0.0,0.0,0.0,0.0
09 Apr,0.0,0.0,0.0,0.0,0.0,0.0,0.0,0.0,0.0,0.0,0.0,0.0,0.0,0.0,0.0,0.0,0.0,0.0,0.0,0.0,0.0,0.0,1.0,0.0,0.0,0.0,0.0,4.0,0.0,0.0,0.0,0.0,0.0,2.0,0.0,0.0,0.0,0.0,0.0,0.0,0.0,0.0,0.0,1.0,0.0,0.0,0.0,0.0,0.0,0.0,0.0,0.0,0.0,0.0,0.0,0.0,0.0,0.0,0.0,0.0,0.0,0.0,1.0,0.0,2.0,0.0,0.0,0.0,0.0,0.0,0.0,0.0,0.0,0.0,0.0,0.0,0.0,0.0,0.0,2.0,0.0,0.0,0.0,0.0,0.0,0.0,0.0,1.0,0.0,0.0,0.0,0.0,0.0,0.0,1.0,0.0,0.0,0.0,0.0,0.0,0.0,5.0,0.0,0.0,0.0,0.0,1.0,1.0,0.0,0.0,0.0,0.0,0.0,1.0,0.0,0.0,0.0,0.0,0.0,0.0,0.0,0.0,0.0,0.0,27.0,0.0,0.0,0.0,0.0,0.0,0.0,0.0,0.0,0.0,0.0,0.0,0.0,0.0,0.0,0.0,0.0,0.0,6.0,0.0,0.0,0.0,0.0,0.0,0.0,0.0,0.0,0.0,0.0,0.0,0.0,0.0,0.0,0.0,0.0,0.0,0.0,0.0,0.0,0.0,0.0,0.0,0.0,0.0,0.0
10 Apr,0.0,0.0,0.0,0.0,0.0,0.0,0.0,0.0,0.0,0.0,0.0,0.0,0.0,1.0,0.0,0.0,0.0,0.0,0.0,0.0,0.0,0.0,1.0,0.0,0.0,0.0,0.0,4.0,0.0,0.0,0.0,0.0,0.0,3.0,0.0,0.0,0.0,0.0,0.0,0.0,0.0,1.0,0.0,1.0,0.0,0.0,0.0,0.0,0.0,0.0,0.0,0.0,0.0,0.0,0.0,0.0,0.0,0.0,0.0,0.0,0.0,0.0,1.0,0.0,2.0,0.0,0.0,1.0,0.0,0.0,0.0,0.0,0.0,0.0,0.0,0.0,0.0,0.0,0.0,2.0,0.0,0.0,0.0,0.0,0.0,0.0,0.0,1.0,0.0,0.0,0.0,0.0,0.0,0.0,1.0,0.0,0.0,0.0,0.0,0.0,0.0,5.0,0.0,0.0,0.0,0.0,1.0,1.0,0.0,0.0,0.0,0.0,0.0,1.0,0.0,0.0,0.0,0.0,0.0,0.0,0.0,0.0,0.0,0.0,32.0,0.0,0.0,0.0,0.0,0.0,0.0,0.0,0.0,0.0,0.0,0.0,0.0,0.0,0.0,0.0,0.0,0.0,6.0,0.0,0.0,0.0,0.0,0.0,0.0,0.0,0.0,0.0,0.0,0.0,0.0,0.0,0.0,0.0,0.0,0.0,0.0,0.0,0.0,0.0,0.0,0.0,0.0,0.0,0.0
11 Apr,0.0,0.0,0.0,0.0,0.0,0.0,0.0,0.0,0.0,0.0,0.0,0.0,0.0,1.0,0.0,0.0,0.0,0.0,0.0,0.0,0.0,0.0,1.0,0.0,0.0,0.0,0.0,4.0,0.0,0.0,0.0,0.0,0.0,3.0,0.0,0.0,0.0,0.0,0.0,0.0,0.0,1.0,0.0,1.0,0.0,0.0,0.0,0.0,0.0,0.0,0.0,0.0,0.0,0.0,0.0,0.0,0.0,0.0,0.0,0.0,0.0,1.0,1.0,0.0,2.0,0.0,0.0,1.0,0.0,0.0,0.0,0.0,0.0,0.0,0.0,0.0,0.0,0.0,0.0,3.0,0.0,0.0,0.0,0.0,0.0,0.0,0.0,1.0,0.0,0.0,0.0,0.0,0.0,0.0,1.0,0.0,0.0,0.0,0.0,0.0,0.0,6.0,0.0,0.0,0.0,0.0,1.0,1.0,0.0,0.0,0.0,0.0,0.0,1.0,0.0,0.0,0.0,0.0,0.0,0.0,0.0,0.0,0.0,0.0,34.0,0.0,0.0,0.0,0.0,0.0,0.0,0.0,0.0,0.0,0.0,0.0,0.0,0.0,0.0,0.0,0.0,0.0,7.0,0.0,0.0,0.0,1.0,0.0,0.0,0.0,0.0,0.0,0.0,0.0,0.0,0.0,0.0,0.0,0.0,0.0,0.0,0.0,0.0,0.0,0.0,0.0,0.0,0.0,0.0
12 Apr,0.0,0.0,0.0,0.0,0.0,0.0,0.0,0.0,0.0,0.0,0.0,0.0,0.0,1.0,0.0,0.0,0.0,0.0,0.0,0.0,0.0,0.0,1.0,0.0,0.0,0.0,0.0,5.0,0.0,0.0,0.0,0.0,0.0,4.0,0.0,0.0,0.0,0.0,0.0,0.0,0.0,1.0,0.0,1.0,0.0,0.0,0.0,0.0,0.0,0.0,0.0,0.0,0.0,0.0,0.0,0.0,0.0,0.0,0.0,0.0,0.0,1.0,1.0,0.0,3.0,0.0,0.0,1.0,0.0,0.0,0.0,0.0,0.0,0.0,0.0,0.0,0.0,0.0,0.0,5.0,0.0,0.0,0.0,0.0,0.0,0.0,0.0,1.0,0.0,0.0,0.0,0.0,0.0,1.0,1.0,0.0,0.0,0.0,0.0,0.0,0.0,6.0,0.0,0.0,0.0,0.0,1.0,2.0,0.0,0.0,0.0,0.0,0.0,1.0,0.0,0.0,0.0,0.0,0.0,0.0,0.0,0.0,0.0,0.0,37.0,0.0,0.0,0.0,0.0,0.0,0.0,0.0,0.0,0.0,0.0,0.0,0.0,0.0,0.0,0.0,0.0,0.0,9.0,0.0,0.0,0.0,1.0,0.0,0.0,0.0,0.0,0.0,0.0,0.0,0.0,0.0,0.0,0.0,0.0,0.0,0.0,0.0,0.0,0.0,0.0,0.0,0.0,1.0,0.0
13 Apr,0.0,0.0,0.0,0.0,0.0,0.0,0.0,0.0,0.0,0.0,0.0,0.0,0.0,1.0,0.0,0.0,0.0,0.0,0.0,0.0,0.0,0.0,1.0,0.0,0.0,0.0,0.0,5.0,0.0,0.0,0.0,0.0,0.0,4.0,0.0,0.0,0.0,0.0,0.0,0.0,0.0,1.0,0.0,1.0,0.0,0.0,0.0,0.0,0.0,0.0,0.0,0.0,0.0,0.0,0.0,0.0,0.0,0.0,0.0,0.0,0.0,1.0,1.0,0.0,3.0,0.0,0.0,1.0,0.0,0.0,0.0,0.0,0.0,0.0,0.0,0.0,0.0,0.0,0.0,6.0,0.0,0.0,0.0,0.0,0.0,0.0,0.0,1.0,0.0,0.0,1.0,0.0,0.0,1.0,1.0,0.0,0.0,0.0,0.0,0.0,0.0,7.0,0.0,0.0,0.0,0.0,1.0,2.0,0.0,0.0,0.0,0.0,0.0,2.0,2.0,0.0,0.0,0.0,0.0,0.0,1.0,0.0,0.0,0.0,46.0,0.0,0.0,0.0,0.0,0.0,0.0,0.0,0.0,0.0,0.0,0.0,0.0,0.0,0.0,0.0,1.0,0.0,9.0,0.0,0.0,0.0,1.0,0.0,0.0,0.0,0.0,0.0,0.0,0.0,0.0,0.0,0.0,0.0,0.0,0.0,0.0,0.0,0.0,0.0,0.0,0.0,0.0,1.0,0.0
14 Apr,0.0,0.0,0.0,0.0,0.0,0.0,0.0,0.0,0.0,0.0,0.0,0.0,0.0,1.0,0.0,0.0,0.0,0.0,0.0,0.0,0.0,0.0,1.0,0.0,0.0,0.0,0.0,7.0,0.0,0.0,0.0,0.0,0.0,5.0,0.0,0.0,0.0,0.0,1.0,0.0,0.0,1.0,0.0,1.0,0.0,0.0,0.0,0.0,0.0,0.0,0.0,0.0,0.0,0.0,0.0,0.0,0.0,0.0,0.0,0.0,0.0,1.0,1.0,0.0,3.0,0.0,0.0,1.0,0.0,0.0,0.0,0.0,0.0,0.0,0.0,0.0,0.0,0.0,0.0,8.0,0.0,0.0,0.0,0.0,0.0,0.0,0.0,1.0,0.0,0.0,1.0,0.0,0.0,1.0,1.0,0.0,0.0,0.0,0.0,1.0,0.0,8.0,0.0,0.0,0.0,0.0,1.0,2.0,0.0,0.0,0.0,0.0,0.0,2.0,2.0,0.0,0.0,0.0,0.0,0.0,1.0,0.0,0.0,0.0,49.0,0.0,0.0,0.0,0.0,0.0,0.0,0.0,0.0,0.0,0.0,0.0,0.0,0.0,0.0,0.0,1.0,0.0,10.0,0.0,0.0,0.0,1.0,0.0,0.0,0.0,0.0,0.0,0.0,0.0,0.0,0.0,1.0,0.0,0.0,0.0,0.0,0.0,0.0,0.0,0.0,0.0,0.0,1.0,0.0
15 Apr,0.0,0.0,0.0,0.0,0.0,0.0,0.0,0.0,0.0,0.0,0.0,0.0,0.0,1.0,0.0,0.0,0.0,0.0,0.0,0.0,0.0,1.0,1.0,0.0,0.0,0.0,0.0,8.0,0.0,0.0,0.0,0.0,0.0,6.0,0.0,0.0,0.0,0.0,1.0,0.0,0.0,1.0,0.0,1.0,0.0,0.0,0.0,0.0,0.0,0.0,0.0,0.0,0.0,0.0,0.0,0.0,0.0,0.0,0.0,0.0,0.0,1.0,1.0,0.0,3.0,0.0,0.0,2.0,0.0,0.0,0.0,1.0,0.0,0.0,0.0,0.0,0.0,0.0,0.0,10.0,0.0,0.0,0.0,0.0,0.0,0.0,0.0,1.0,0.0,0.0,1.0,0.0,0.0,3.0,1.0,0.0,0.0,0.0,0.0,1.0,0.0,11.0,0.0,0.0,0.0,0.0,1.0,2.0,0.0,0.0,0.0,0.0,0.0,2.0,4.0,0.0,0.0,0.0,0.0,0.0,1.0,0.0,0.0,0.0,62.0,0.0,0.0,0.0,0.0,0.0,0.0,0.0,0.0,0.0,0.0,0.0,0.0,0.0,0.0,0.0,1.0,0.0,11.0,0.0,0.0,0.0,1.0,0.0,0.0,0.0,0.0,0.0,0.0,0.0,0.0,0.0,1.0,0.0,0.0,0.0,0.0,0.0,0.0,0.0,0.0,0.0,0.0,1.0,0.0
16 Apr,0.0,0.0,0.0,0.0,0.0,0.0,0.0,1.0,0.0,1.0,0.0,0.0,0.0,2.0,0.0,0.0,0.0,0.0,0.0,0.0,0.0,1.0,1.0,0.0,0.0,0.0,0.0,9.0,0.0,0.0,0.0,0.0,0.0,6.0,0.0,0.0,0.0,0.0,1.0,0.0,0.0,1.0,0.0,1.0,0.0,0.0,0.0,0.0,0.0,0.0,0.0,0.0,0.0,0.0,0.0,0.0,0.0,0.0,0.0,0.0,0.0,1.0,1.0,0.0,3.0,0.0,0.0,2.0,0.0,0.0,0.0,1.0,0.0,0.0,0.0,0.0,0.0,0.0,0.0,11.0,0.0,0.0,0.0,0.0,0.0,0.0,0.0,1.0,0.0,0.0,1.0,0.0,0.0,3.0,1.0,0.0,0.0,0.0,0.0,1.0,0.0,12.0,0.0,0.0,0.0,0.0,1.0,2.0,0.0,0.0,0.0,0.0,0.0,2.0,4.0,0.0,0.0,0.0,0.0,0.0,1.0,0.0,0.0,0.0,70.0,0.0,0.0,0.0,0.0,0.0,0.0,0.0,0.0,0.0,0.0,0.0,0.0,0.0,0.0,0.0,1.0,0.0,12.0,0.0,0.0,0.0,1.0,0.0,0.0,0.0,0.0,0.0,0.0,0.0,0.0,0.0,1.0,0.0,0.0,0.0,0.0,0.0,0.0,0.0,0.0,0.0,0.0,2.0,0.0
17 Apr,0.0,0.0,0.0,0.0,0.0,0.0,0.0,1.0,0.0,1.0,0.0,0.0,0.0,2.0,0.0,0.0,0.0,0.0,0.0,0.0,0.0,1.0,1.0,0.0,0.0,0.0,0.0,10.0,0.0,0.0,0.0,0.0,0.0,7.0,0.0,0.0,0.0,0.0,1.0,0.0,0.0,1.0,0.0,1.0,0.0,0.0,0.0,0.0,0.0,0.0,0.0,0.0,0.0,0.0,0.0,0.0,0.0,0.0,0.0,0.0,0.0,1.0,1.0,0.0,3.0,0.0,0.0,3.0,0.0,0.0,0.0,1.0,0.0,0.0,0.0,0.0,0.0,0.0,0.0,13.0,0.0,0.0,0.0,0.0,0.0,0.0,0.0,1.0,0.0,0.0,1.0,0.0,0.0,3.0,1.0,0.0,0.0,0.0,0.0,1.0,0.0,13.0,0.0,0.0,0.0,0.0,1.0,2.0,0.0,0.0,0.0,0.0,0.0,3.0,4.0,0.0,0.0,0.0,0.0,0.0,1.0,0.0,0.0,0.0,85.0,0.0,0.0,0.0,0.0,0.0,0.0,0.0,0.0,0.0,0.0,0.0,0.0,0.0,0.0,0.0,1.0,0.0,14.0,0.0,0.0,0.0,1.0,0.0,0.0,0.0,0.0,0.0,0.0,0.0,0.0,0.0,1.0,0.0,0.0,0.0,0.0,0.0,0.0,0.0,0.0,0.0,0.0,5.0,0.0
18 Apr,0.0,0.0,0.0,0.0,0.0,0.0,0.0,1.0,0.0,1.0,0.0,0.0,0.0,2.0,0.0,0.0,0.0,0.0,0.0,0.0,0.0,1.0,1.0,1.0,0.0,0.0,0.0,11.0,0.0,0.0,0.0,0.0,0.0,7.0,0.0,0.0,0.0,0.0,1.0,0.0,0.0,1.0,0.0,1.0,0.0,0.0,0.0,0.0,0.0,0.0,0.0,0.0,0.0,0.0,0.0,0.0,0.0,0.0,0.0,0.0,0.0,1.0,1.0,0.0,3.0,0.0,0.0,3.0,0.0,0.0,0.0,1.0,0.0,0.0,0.0,0.0,0.0,0.0,0.0,14.0,0.0,0.0,0.0,0.0,0.0,0.0,0.0,1.0,0.0,0.0,1.0,0.0,0.0,3.0,1.0,1.0,0.0,0.0,0.0,1.0,0.0,14.0,0.0,0.0,0.0,0.0,1.0,3.0,0.0,0.0,0.0,0.0,0.0,5.0,5.0,0.0,0.0,0.0,0.0,0.0,1.0,0.0,0.0,0.0,94.0,0.0,0.0,0.0,0.0,0.0,0.0,0.0,0.0,0.0,0.0,0.0,0.0,0.0,0.0,0.0,1.0,0.0,14.0,0.0,0.0,0.0,1.0,0.0,0.0,0.0,0.0,0.0,0.0,0.0,0.0,0.0,2.0,0.0,0.0,0.0,0.0,0.0,0.0,0.0,0.0,0.0,0.0,5.0,0.0
19 Apr,0.0,0.0,0.0,0.0,0.0,0.0,0.0,1.0,0.0,1.0,0.0,0.0,0.0,2.0,0.0,0.0,0.0,0.0,0.0,0.0,0.0,1.0,1.0,1.0,0.0,0.0,0.0,11.0,0.0,0.0,0.0,0.0,0.0,7.0,0.0,0.0,0.0,0.0,1.0,0.0,0.0,1.0,0.0,1.0,0.0,0.0,0.0,0.0,0.0,0.0,0.0,0.0,0.0,0.0,0.0,0.0,0.0,0.0,0.0,0.0,0.0,1.0,1.0,0.0,3.0,0.0,0.0,4.0,0.0,0.0,0.0,1.0,0.0,0.0,0.0,0.0,0.0,0.0,0.0,15.0,0.0,0.0,0.0,0.0,0.0,0.0,0.0,1.0,0.0,0.0,1.0,0.0,0.0,3.0,1.0,1.0,0.0,0.0,0.0,1.0,0.0,16.0,0.0,0.0,0.0,0.0,1.0,3.0,0.0,0.0,0.0,0.0,0.0,5.0,5.0,0.0,0.0,0.0,0.0,0.0,1.0,0.0,0.0,0.0,100.0,0.0,0.0,0.0,0.0,0.0,0.0,0.0,0.0,0.0,0.0,0.0,0.0,0.0,0.0,0.0,1.0,0.0,15.0,0.0,0.0,0.0,1.0,0.0,0.0,0.0,0.0,0.0,0.0,0.0,0.0,0.0,2.0,0.0,0.0,0.0,0.0,0.0,0.0,0.0,0.0,0.0,0.0,5.0,0.0
20 Apr,0.0,0.0,0.0,0.0,0.0,0.0,0.0,1.0,0.0,1.0,0.0,0.0,0.0,2.0,0.0,0.0,0.0,0.0,0.0,0.0,0.0,1.0,1.0,1.0,0.0,0.0,0.0,11.0,0.0,0.0,0.0,0.0,0.0,8.0,0.0,0.0,0.0,0.0,1.0,0.0,0.0,2.0,0.0,1.0,0.0,0.0,0.0,0.0,0.0,0.0,0.0,0.0,0.0,0.0,0.0,0.0,0.0,0.0,0.0,0.0,0.0,1.0,1.0,0.0,3.0,0.0,0.0,5.0,0.0,0.0,0.0,1.0,0.0,0.0,0.0,0.0,0.0,0.0,0.0,18.0,0.0,0.0,0.0,0.0,0.0,0.0,0.0,1.0,0.0,0.0,1.0,0.0,0.0,3.0,2.0,1.0,0.0,0.0,0.0,1.0,0.0,19.0,0.0,0.0,0.0,0.0,1.0,3.0,0.0,0.0,0.0,0.0,0.0,6.0,6.0,0.0,0.0,0.0,0.0,0.0,1.0,0.0,0.0,0.0,106.0,0.0,0.0,0.0,0.0,0.0,0.0,0.0,0.0,0.0,0.0,0.0,0.0,0.0,0.0,0.0,1.0,0.0,15.0,0.0,0.0,0.0,1.0,0.0,0.0,0.0,0.0,0.0,0.0,0.0,0.0,0.0,2.0,0.0,0.0,0.0,0.0,0.0,0.0,0.0,0.0,0.0,0.0,5.0,0.0
21 Apr,0.0,0.0,0.0,0.0,0.0,0.0,0.0,1.0,0.0,1.0,0.0,0.0,0.0,2.0,0.0,0.0,0.0,0.0,0.0,0.0,0.0,1.0,1.0,1.0,0.0,0.0,0.0,11.0,0.0,0.0,0.0,0.0,0.0,10.0,0.0,0.0,0.0,0.0,1.0,0.0,0.0,2.0,0.0,1.0,0.0,0.0,0.0,0.0,0.0,0.0,0.0,0.0,0.0,0.0,0.0,0.0,0.0,0.0,0.0,0.0,0.0,1.0,1.0,1.0,3.0,0.0,0.0,5.0,0.0,0.0,0.0,2.0,0.0,0.0,0.0,0.0,0.0,0.0,0.0,22.0,0.0,0.0,0.0,0.0,0.0,0.0,0.0,1.0,0.0,0.0,1.0,0.0,0.0,3.0,2.0,1.0,0.0,0.0,0.0,1.0,0.0,23.0,0.0,0.0,0.0,0.0,1.0,3.0,0.0,0.0,0.0,0.0,0.0,6.0,7.0,0.0,0.0,0.0,0.0,0.0,1.0,0.0,0.0,0.0,113.0,0.0,0.0,0.0,0.0,0.0,0.0,0.0,0.0,0.0,0.0,0.0,0.0,0.0,0.0,0.0,1.0,0.0,19.0,0.0,0.0,0.0,1.0,0.0,0.0,0.0,0.0,0.0,0.0,0.0,0.0,0.0,2.0,0.0,0.0,0.0,0.0,0.0,0.0,0.0,0.0,0.0,0.0,6.0,0.0
22 Apr,1.0,0.0,0.0,0.0,0.0,0.0,0.0,1.0,0.0,1.0,0.0,0.0,0.0,2.0,0.0,0.0,0.0,0.0,0.0,0.0,0.0,1.0,1.0,1.0,0.0,0.0,0.0,11.0,0.0,0.0,0.0,0.0,0.0,11.0,0.0,0.0,0.0,0.0,1.0,0.0,0.0,2.0,0.0,1.0,0.0,0.0,0.0,0.0,0.0,0.0,0.0,0.0,0.0,0.0,0.0,0.0,0.0,0.0,0.0,0.0,0.0,1.0,2.0,1.0,3.0,0.0,0.0,5.0,0.0,0.0,0.0,2.0,0.0,0.0,0.0,0.0,0.0,0.0,0.0,23.0,0.0,0.0,0.0,0.0,0.0,0.0,0.0,1.0,0.0,0.0,1.0,0.0,0.0,3.0,2.0,1.0,0.0,0.0,0.0,1.0,0.0,25.0,0.0,0.0,0.0,0.0,1.0,3.0,0.0,0.0,0.0,0.0,0.0,6.0,11.0,0.0,0.0,0.0,0.0,0.0,1.0,0.0,0.0,0.0,124.0,0.0,0.0,0.0,0.0,0.0,0.0,0.0,0.0,0.0,0.0,0.0,0.0,0.0,0.0,0.0,1.0,0.0,19.0,0.0,0.0,0.0,1.0,0.0,0.0,1.0,0.0,0.0,0.0,0.0,0.0,0.0,2.0,0.0,0.0,0.0,0.0,0.0,0.0,0.0,0.0,0.0,0.0,7.0,0.0
23 Apr,1.0,0.0,0.0,0.0,0.0,0.0,0.0,1.0,0.0,1.0,0.0,0.0,0.0,3.0,0.0,0.0,0.0,0.0,0.0,0.0,0.0,1.0,1.0,1.0,0.0,0.0,0.0,11.0,0.0,0.0,0.0,0.0,0.0,14.0,0.0,0.0,0.0,0.0,1.0,0.0,0.0,2.0,0.0,1.0,0.0,0.0,0.0,0.0,0.0,0.0,0.0,0.0,1.0,0.0,0.0,0.0,0.0,0.0,0.0,0.0,0.0,1.0,2.0,2.0,3.0,0.0,0.0,5.0,0.0,0.0,0.0,3.0,0.0,0.0,0.0,0.0,1.0,0.0,0.0,27.0,0.0,0.0,0.0,0.0,0.0,0.0,0.0,1.0,0.0,0.0,1.0,0.0,0.0,3.0,2.0,1.0,0.0,0.0,0.0,1.0,0.0,26.0,0.0,0.0,0.0,0.0,1.0,3.0,0.0,0.0,0.0,0.0,0.0,7.0,11.0,0.0,0.0,0.0,0.0,0.0,1.0,0.0,0.0,0.0,137.0,0.0,0.0,0.0,0.0,0.0,0.0,0.0,0.0,0.0,0.0,0.0,0.0,0.0,0.0,0.0,1.0,0.0,21.0,0.0,0.0,0.0,1.0,0.0,0.0,1.0,0.0,0.0,0.0,0.0,0.0,0.0,2.0,0.0,0.0,0.0,0.0,0.0,0.0,0.0,0.0,0.0,0.0,8.0,0.0
24 Apr,1.0,0.0,0.0,1.0,0.0,0.0,0.0,1.0,0.0,1.0,0.0,0.0,0.0,3.0,0.0,0.0,0.0,1.0,0.0,0.0,0.0,1.0,1.0,1.0,0.0,0.0,0.0,11.0,0.0,0.0,0.0,0.0,0.0,14.0,0.0,0.0,0.0,0.0,1.0,0.0,0.0,3.0,0.0,1.0,0.0,0.0,0.0,0.0,0.0,0.0,0.0,0.0,1.0,0.0,0.0,0.0,0.0,0.0,0.0,0.0,0.0,1.0,2.0,3.0,3.0,0.0,0.0,7.0,0.0,0.0,0.0,3.0,0.0,0.0,0.0,0.0,1.0,0.0,0.0,35.0,0.0,0.0,0.0,0.0,0.0,0.0,0.0,1.0,0.0,0.0,1.0,0.0,0.0,3.0,2.0,1.0,0.0,0.0,0.0,1.0,0.0,29.0,0.0,0.0,0.0,0.0,1.0,3.0,0.0,1.0,0.0,0.0,0.0,7.0,14.0,0.0,0.0,0.0,0.0,0.0,1.0,0.0,0.0,1.0,151.0,0.0,0.0,0.0,0.0,0.0,0.0,0.0,0.0,0.0,0.0,0.0,0.0,0.0,0.0,0.0,1.0,0.0,22.0,0.0,0.0,0.0,1.0,0.0,0.0,1.0,0.0,0.0,0.0,0.0,0.0,0.0,2.0,0.0,0.0,1.0,0.0,0.0,0.0,0.0,0.0,0.0,0.0,10.0,0.0
25 Apr,2.0,0.0,0.0,1.0,0.0,0.0,0.0,1.0,0.0,1.0,0.0,0.0,0.0,3.0,0.0,0.0,0.0,1.0,0.0,0.0,0.0,1.0,1.0,1.0,0.0,0.0,0.0,11.0,0.0,0.0,0.0,0.0,0.0,14.0,0.0,0.0,0.0,0.0,1.0,0.0,0.0,3.0,0.0,1.0,0.0,0.0,0.0,0.0,0.0,0.0,0.0,0.0,1.0,0.0,0.0,0.0,0.0,0.0,0.0,0.0,0.0,1.0,2.0,3.0,3.0,0.0,0.0,7.0,0.0,0.0,0.0,3.0,0.0,0.0,0.0,0.0,1.0,0.0,1.0,41.0,0.0,0.0,0.0,0.0,0.0,0.0,0.0,1.0,1.0,0.0,1.0,0.0,0.0,3.0,2.0,1.0,0.0,0.0,0.0,1.0,0.0,31.0,0.0,0.0,0.0,0.0,1.0,3.0,0.0,1.0,0.0,0.0,0.0,7.0,19.0,0.0,0.0,0.0,0.0,0.0,1.0,0.0,0.0,1.0,162.0,0.0,0.0,0.0,0.0,0.0,0.0,0.0,0.0,0.0,0.0,0.0,0.0,0.0,0.0,0.0,1.0,0.0,23.0,0.0,0.0,0.0,1.0,0.0,0.0,1.0,0.0,0.0,0.0,0.0,0.0,0.0,2.0,0.0,0.0,1.0,0.0,0.0,0.0,0.0,0.0,0.0,0.0,10.0,0.0
26 Apr,2.0,0.0,0.0,1.0,0.0,0.0,0.0,1.0,0.0,1.0,0.0,0.0,0.0,3.0,0.0,0.0,0.0,1.0,0.0,0.0,0.0,1.0,2.0,1.0,0.0,0.0,0.0,11.0,0.0,0.0,0.0,0.0,0.0,14.0,0.0,0.0,0.0,0.0,1.0,0.0,0.0,3.0,0.0,1.0,0.0,0.0,0.0,0.0,0.0,0.0,0.0,0.0,1.0,0.0,0.0,0.0,0.0,0.0,0.0,0.0,1.0,1.0,2.0,3.0,3.0,0.0,0.0,8.0,0.0,0.0,0.0,3.0,0.0,0.0,0.0,0.0,1.0,0.0,1.0,48.0,0.0,0.0,0.0,0.0,0.0,0.0,0.0,1.0,1.0,0.0,1.0,0.0,0.0,3.0,2.0,1.0,0.0,0.0,0.0,1.0,0.0,32.0,0.0,0.0,0.0,0.0,1.0,3.0,0.0,1.0,0.0,0.0,0.0,7.0,20.0,0.0,0.0,0.0,0.0,0.0,2.0,0.0,0.0,1.0,182.0,0.0,0.0,0.0,0.0,0.0,0.0,0.0,0.0,0.0,0.0,0.0,0.0,0.0,0.0,0.0,1.0,0.0,23.0,0.0,0.0,0.0,1.0,0.0,0.0,1.0,0.0,0.0,0.0,0.0,0.0,1.0,2.0,0.0,0.0,1.0,0.0,0.0,0.0,0.0,0.0,0.0,0.0,10.0,0.0
27 Apr,2.0,0.0,0.0,1.0,2.0,0.0,0.0,2.0,0.0,1.0,0.0,1.0,0.0,3.0,0.0,0.0,0.0,1.0,0.0,0.0,0.0,1.0,2.0,2.0,0.0,0.0,0.0,12.0,0.0,0.0,0.0,0.0,0.0,17.0,0.0,0.0,0.0,0.0,1.0,0.0,1.0,3.0,0.0,1.0,0.0,1.0,0.0,0.0,0.0,0.0,0.0,0.0,1.0,0.0,0.0,0.0,0.0,0.0,0.0,0.0,1.0,1.0,2.0,3.0,3.0,0.0,0.0,8.0,0.0,0.0,0.0,3.0,0.0,0.0,0.0,0.0,1.0,0.0,1.0,52.0,0.0,0.0,0.0,0.0,0.0,0.0,0.0,1.0,1.0,0.0,1.0,0.0,0.0,3.0,2.0,1.0,0.0,0.0,0.0,1.0,0.0,35.0,0.0,0.0,0.0,0.0,1.0,3.0,0.0,1.0,0.0,0.0,0.0,7.0,21.0,0.0,0.0,0.0,0.0,0.0,2.0,0.0,0.0,1.0,195.0,0.0,1.0,0.0,0.0,0.0,0.0,0.0,0.0,0.0,0.0,0.0,0.0,0.0,0.0,0.0,1.0,0.0,23.0,0.0,0.0,0.0,1.0,1.0,0.0,1.0,0.0,0.0,0.0,0.0,0.0,1.0,2.0,0.0,0.0,1.0,0.0,0.0,0.0,1.0,0.0,0.0,0.0,11.0,0.0
28 Apr,4.0,0.0,0.0,1.0,2.0,0.0,0.0,3.0,0.0,1.0,0.0,1.0,0.0,4.0,0.0,0.0,0.0,1.0,0.0,0.0,0.0,1.0,2.0,2.0,0.0,0.0,0.0,13.0,0.0,0.0,0.0,0.0,0.0,17.0,0.0,0.0,0.0,0.0,2.0,0.0,1.0,3.0,0.0,1.0,0.0,1.0,0.0,0.0,0.0,0.0,0.0,0.0,2.0,0.0,0.0,0.0,0.0,0.0,0.0,0.0,1.0,1.0,3.0,3.0,5.0,0.0,0.0,9.0,0.0,0.0,0.0,3.0,0.0,0.0,0.0,0.0,1.0,1.0,1.0,56.0,0.0,0.0,0.0,0.0,0.0,0.0,0.0,1.0,1.0,0.0,1.0,0.0,0.0,4.0,2.0,1.0,0.0,0.0,0.0,1.0,1.0,42.0,0.0,0.0,0.0,0.0,1.0,3.0,0.0,1.0,0.0,0.0,0.0,7.0,26.0,0.0,0.0,0.0,0.0,0.0,2.0,0.0,0.0,1.0,219.0,0.0,1.0,0.0,0.0,0.0,1.0,0.0,0.0,0.0,0.0,0.0,0.0,0.0,0.0,0.0,1.0,0.0,24.0,0.0,0.0,0.0,1.0,1.0,0.0,1.0,0.0,0.0,0.0,0.0,0.0,1.0,2.0,0.0,0.0,1.0,0.0,0.0,0.0,1.0,0.0,0.0,0.0,12.0,0.0
29 Apr,4.0,0.0,0.0,1.0,2.0,0.0,0.0,3.0,0.0,2.0,0.0,1.0,0.0,4.0,0.0,0.0,0.0,1.0,0.0,0.0,0.0,1.0,4.0,2.0,0.0,0.0,0.0,15.0,0.0,0.0,0.0,0.0,0.0,18.0,0.0,0.0,0.0,0.0,2.0,0.0,1.0,3.0,0.0,1.0,0.0,1.0,0.0,0.0,0.0,0.0,0.0,0.0,2.0,0.0,0.0,0.0,0.0,0.0,0.0,0.0,2.0,1.0,3.0,4.0,6.0,0.0,0.0,9.0,0.0,0.0,0.0,3.0,0.0,0.0,0.0,0.0,1.0,1.0,1.0,59.0,0.0,0.0,0.0,0.0,0.0,0.0,0.0,1.0,1.0,0.0,1.0,0.0,0.0,4.0,2.0,1.0,0.0,0.0,0.0,1.0,1.0,42.0,0.0,0.0,0.0,0.0,1.0,3.0,0.0,1.0,0.0,0.0,0.0,7.0,26.0,0.0,0.0,0.0,0.0,0.0,2.0,0.0,0.0,1.0,236.0,0.0,1.0,0.0,0.0,0.0,1.0,0.0,0.0,0.0,0.0,0.0,0.0,0.0,0.0,0.0,1.0,0.0,25.0,0.0,0.0,0.0,1.0,1.0,0.0,1.0,0.0,0.0,0.0,0.0,0.0,1.0,2.0,0.0,0.0,1.0,0.0,0.0,0.0,1.0,0.0,0.0,0.0,12.0,0.0
30 Apr,4.0,0.0,0.0,1.0,2.0,0.0,0.0,3.0,0.0,2.0,0.0,1.0,0.0,4.0,0.0,0.0,0.0,1.0,0.0,0.0,0.0,1.0,5.0,2.0,0.0,0.0,0.0,15.0,0.0,0.0,0.0,0.0,0.0,18.0,0.0,0.0,0.0,0.0,2.0,0.0,1.0,3.0,0.0,1.0,0.0,1.0,0.0,0.0,0.0,0.0,0.0,0.0,2.0,0.0,0.0,0.0,0.0,0.0,0.0,0.0,2.0,1.0,3.0,4.0,6.0,0.0,0.0,10.0,0.0,0.0,0.0,3.0,0.0,0.0,0.0,0.0,1.0,2.0,1.0,61.0,0.0,0.0,0.0,0.0,0.0,0.0,0.0,2.0,1.0,0.0,1.0,0.0,0.0,4.0,2.0,1.0,0.0,0.0,0.0,1.0,1.0,43.0,0.0,0.0,0.0,0.0,1.0,3.0,0.0,1.0,0.0,0.0,0.0,7.0,28.0,0.0,0.0,0.0,0.0,0.0,2.0,0.0,0.0,1.0,250.0,0.0,1.0,0.0,0.0,0.0,1.0,0.0,0.0,0.0,0.0,0.0,0.0,0.0,0.0,0.0,1.0,0.0,28.0,0.0,0.0,0.0,1.0,1.0,0.0,2.0,0.0,0.0,0.0,0.0,0.0,1.0,2.0,0.0,0.0,1.0,0.0,0.0,0.0,1.0,0.0,0.0,0.0,13.0,0.0
01 May,4.0,0.0,0.0,1.0,2.0,0.0,0.0,4.0,0.0,3.0,0.0,2.0,0.0,4.0,0.0,0.0,0.0,1.0,0.0,0.0,0.0,1.0,5.0,3.0,0.0,0.0,0.0,16.0,0.0,0.0,0.0,0.0,0.0,20.0,0.0,0.0,0.0,0.0,2.0,0.0,1.0,4.0,0.0,2.0,0.0,1.0,0.0,1.0,0.0,0.0,0.0,0.0,2.0,0.0,0.0,0.0,0.0,0.0,0.0,0.0,2.0,1.0,3.0,4.0,6.0,1.0,1.0,10.0,0.0,0.0,0.0,3.0,0.0,0.0,0.0,0.0,1.0,2.0,1.0,66.0,0.0,1.0,0.0,0.0,0.0,0.0,0.0,2.0,1.0,0.0,1.0,0.0,0.0,4.0,2.0,1.0,0.0,0.0,0.0,1.0,1.0,51.0,0.0,0.0,0.0,1.0,1.0,3.0,0.0,1.0,0.0,0.0,0.0,7.0,29.0,0.0,0.0,0.0,0.0,0.0,2.0,0.0,0.0,1.0,257.0,0.0,1.0,0.0,1.0,0.0,1.0,0.0,0.0,0.0,0.0,0.0,0.0,0.0,0.0,0.0,1.0,0.0,29.0,0.0,0.0,0.0,1.0,1.0,0.0,2.0,0.0,0.0,0.0,0.0,0.0,1.0,2.0,0.0,0.0,1.0,0.0,0.0,0.0,1.0,0.0,0.0,0.0,14.0,0.0
02 May,4.0,0.0,0.0,1.0,3.0,0.0,0.0,4.0,0.0,3.0,0.0,2.0,0.0,4.0,0.0,0.0,0.0,1.0,0.0,0.0,0.0,1.0,5.0,3.0,0.0,0.0,0.0,17.0,0.0,0.0,0.0,0.0,0.0,20.0,0.0,0.0,0.0,0.0,2.0,0.0,1.0,5.0,0.0,2.0,0.0,1.0,0.0,1.0,0.0,0.0,0.0,0.0,2.0,0.0,1.0,0.0,0.0,0.0,0.0,0.0,2.0,1.0,3.0,4.0,6.0,1.0,2.0,10.0,0.0,0.0,0.0,3.0,0.0,0.0,0.0,0.0,1.0,2.0,1.0,67.0,0.0,1.0,0.0,0.0,0.0,0.0,0.0,2.0,1.0,0.0,1.0,0.0,0.0,4.0,2.0,1.0,0.0,0.0,0.0,1.0,1.0,53.0,0.0,0.0,0.0,1.0,1.0,3.0,0.0,1.0,0.0,0.0,0.0,7.0,30.0,0.0,0.0,0.0,0.0,0.0,2.0,0.0,0.0,1.0,267.0,0.0,2.0,0.0,1.0,0.0,1.0,0.0,0.0,0.0,0.0,0.0,0.0,0.0,0.0,0.0,1.0,0.0,30.0,0.0,0.0,0.0,1.0,1.0,0.0,2.0,0.0,0.0,0.0,0.0,0.0,1.0,3.0,0.0,0.0,1.0,0.0,0.0,0.0,1.0,0.0,0.0,0.0,14.0,1.0
03 May,4.0,0.0,0.0,1.0,4.0,0.0,0.0,4.0,0.0,3.0,0.0,2.0,0.0,4.0,0.0,0.0,0.0,1.0,0.0,0.0,0.0,1.0,5.0,3.0,0.0,0.0,0.0,19.0,0.0,0.0,0.0,0.0,0.0,20.0,0.0,0.0,0.0,0.0,2.0,0.0,1.0,6.0,0.0,2.0,0.0,1.0,1.0,1.0,0.0,0.0,0.0,0.0,2.0,0.0,1.0,0.0,0.0,0.0,0.0,0.0,2.0,1.0,3.0,4.0,6.0,1.0,2.0,10.0,0.0,0.0,0.0,4.0,0.0,0.0,0.0,0.0,1.0,2.0,1.0,72.0,0.0,1.0,0.0,0.0,0.0,0.0,0.0,2.0,1.0,0.0,1.0,0.0,0.0,4.0,2.0,1.0,0.0,0.0,0.0,1.0,1.0,56.0,0.0,0.0,0.0,2.0,1.0,3.0,0.0,1.0,0.0,0.0,0.0,7.0,32.0,0.0,0.0,0.0,0.0,0.0,2.0,0.0,0.0,1.0,273.0,0.0,2.0,0.0,1.0,0.0,1.0,0.0,0.0,0.0,0.0,0.0,0.0,0.0,0.0,0.0,1.0,0.0,30.0,0.0,0.0,0.0,1.0,2.0,0.0,2.0,0.0,0.0,0.0,0.0,0.0,1.0,4.0,0.0,0.0,1.0,0.0,0.0,0.0,1.0,0.0,0.0,0.0,14.0,1.0
04 May,4.0,0.0,0.0,1.0,4.0,0.0,0.0,5.0,0.0,3.0,0.0,2.0,0.0,4.0,0.0,0.0,0.0,1.0,0.0,0.0,0.0,1.0,5.0,3.0,0.0,0.0,0.0,19.0,0.0,0.0,0.0,0.0,0.0,22.0,0.0,0.0,0.0,0.0,2.0,0.0,2.0,7.0,0.0,2.0,0.0,1.0,1.0,1.0,0.0,1.0,0.0,0.0,2.0,0.0,1.0,0.0,0.0,0.0,0.0,0.0,2.0,1.0,3.0,4.0,6.0,1.0,2.0,10.0,0.0,0.0,0.0,4.0,0.0,0.0,0.0,0.0,1.0,2.0,1.0,76.0,0.0,1.0,0.0,0.0,0.0,0.0,0.0,2.0,1.0,0.0,1.0,0.0,1.0,5.0,2.0,1.0,0.0,0.0,0.0,2.0,1.0,57.0,0.0,0.0,0.0,2.0,1.0,3.0,0.0,1.0,0.0,0.0,0.0,7.0,34.0,0.0,0.0,0.0,0.0,0.0,2.0,0.0,0.0,1.0,295.0,0.0,2.0,0.0,1.0,0.0,1.0,0.0,0.0,0.0,0.0,0.0,0.0,0.0,0.0,0.0,1.0,0.0,30.0,0.0,0.0,0.0,1.0,2.0,0.0,2.0,0.0,0.0,0.0,0.0,0.0,1.0,4.0,0.0,0.0,1.0,0.0,0.0,0.0,1.0,0.0,0.0,0.0,15.0,1.0
05 May,4.0,0.0,0.0,1.0,4.0,0.0,0.0,5.0,0.0,3.0,0.0,2.0,0.0,4.0,0.0,0.0,0.0,1.0,0.0,0.0,0.0,1.0,5.0,3.0,0.0,1.0,0.0,20.0,0.0,0.0,0.0,0.0,0.0,22.0,0.0,0.0,0.0,0.0,2.0,0.0,2.0,7.0,0.0,2.0,0.0,1.0,1.0,1.0,0.0,1.0,0.0,0.0,2.0,0.0,1.0,0.0,0.0,0.0,0.0,1.0,2.0,1.0,4.0,4.0,6.0,1.0,2.0,10.0,0.0,0.0,0.0,4.0,0.0,0.0,0.0,0.0,1.0,2.0,2.0,86.0,1.0,1.0,0.0,0.0,0.0,0.0,0.0,2.0,1.0,0.0,1.0,0.0,1.0,6.0,2.0,1.0,0.0,0.0,0.0,2.0,1.0,63.0,0.0,0.0,0.0,2.0,1.0,4.0,0.0,1.0,0.0,0.0,0.0,8.0,36.0,0.0,0.0,0.0,0.0,0.0,2.0,0.0,0.0,1.0,319.0,0.0,2.0,0.0,1.0,0.0,1.0,0.0,0.0,0.0,0.0,0.0,0.0,0.0,0.0,0.0,2.0,0.0,31.0,0.0,0.0,0.0,1.0,2.0,0.0,2.0,0.0,0.0,1.0,1.0,0.0,1.0,4.0,0.0,0.0,1.0,0.0,0.0,0.0,1.0,0.0,0.0,0.0,18.0,1.0
06 May,4.0,0.0,0.0,1.0,5.0,0.0,0.0,5.0,0.0,3.0,0.0,2.0,0.0,5.0,0.0,0.0,0.0,1.0,0.0,0.0,0.0,1.0,5.0,3.0,0.0,1.0,0.0,27.0,0.0,0.0,0.0,0.0,0.0,23.0,0.0,0.0,0.0,0.0,2.0,0.0,2.0,7.0,0.0,2.0,0.0,1.0,1.0,1.0,0.0,1.0,0.0,0.0,2.0,0.0,1.0,0.0,0.0,1.0,0.0,1.0,2.0,1.0,4.0,7.0,6.0,1.0,2.0,10.0,0.0,0.0,0.0,5.0,0.0,0.0,0.0,0.0,1.0,4.0,2.0,91.0,1.0,1.0,0.0,0.0,0.0,0.0,0.0,2.0,1.0,0.0,1.0,0.0,1.0,6.0,2.0,1.0,0.0,0.0,0.0,3.0,2.0,67.0,0.0,0.0,0.0,2.0,1.0,4.0,0.0,1.0,0.0,0.0,0.0,8.0,40.0,0.0,0.0,0.0,0.0,0.0,2.0,0.0,0.0,1.0,337.0,0.0,2.0,0.0,1.0,0.0,2.0,0.0,0.0,0.0,0.0,0.0,0.0,0.0,0.0,0.0,2.0,0.0,31.0,0.0,0.0,0.0,2.0,2.0,0.0,2.0,0.0,0.0,1.0,1.0,0.0,1.0,5.0,0.0,0.0,2.0,0.0,0.0,0.0,1.0,0.0,0.0,0.0,19.0,1.0
07 May,4.0,0.0,0.0,1.0,5.0,0.0,0.0,5.0,0.0,3.0,0.0,2.0,0.0,5.0,0.0,0.0,0.0,1.0,0.0,0.0,0.0,1.0,5.0,3.0,0.0,1.0,0.0,29.0,0.0,0.0,0.0,0.0,0.0,26.0,0.0,0.0,0.0,0.0,2.0,0.0,2.0,7.0,0.0,2.0,0.0,1.0,1.0,1.0,1.0,1.0,0.0,1.0,2.0,0.0,1.0,0.0,0.0,2.0,0.0,2.0,2.0,1.0,4.0,8.0,7.0,2.0,2.0,12.0,0.0,0.0,0.0,5.0,0.0,0.0,0.0,0.0,1.0,4.0,2.0,94.0,2.0,1.0,0.0,0.0,0.0,0.0,0.0,2.0,1.0,0.0,1.0,0.0,1.0,6.0,2.0,1.0,0.0,0.0,0.0,3.0,2.0,69.0,0.0,0.0,0.0,2.0,1.0,4.0,0.0,1.0,0.0,0.0,0.0,8.0,41.0,0.0,0.0,0.0,1.0,0.0,2.0,0.0,0.0,1.0,354.0,0.0,2.0,0.0,1.0,0.0,2.0,0.0,0.0,0.0,0.0,0.0,0.0,0.0,0.0,0.0,2.0,0.0,32.0,0.0,0.0,0.0,2.0,2.0,0.0,2.0,0.0,0.0,1.0,1.0,0.0,1.0,5.0,0.0,0.0,2.0,1.0,0.0,0.0,1.0,0.0,0.0,0.0,19.0,1.0
08 May,4.0,0.0,0.0,2.0,5.0,0.0,0.0,6.0,0.0,3.0,0.0,2.0,0.0,7.0,0.0,1.0,0.0,1.0,0.0,0.0,0.0,1.0,5.0,3.0,0.0,1.0,0.0,33.0,0.0,0.0,0.0,0.0,0.0,28.0,0.0,0.0,0.0,1.0,2.0,0.0,2.0,7.0,0.0,2.0,0.0,1.0,1.0,1.0,1.0,1.0,0.0,1.0,2.0,0.0,1.0,0.0,1.0,2.0,0.0,2.0,2.0,1.0,4.0,9.0,9.0,2.0,4.0,14.0,0.0,0.0,0.0,5.0,1.0,0.0,0.0,1.0,1.0,4.0,2.0,102.0,2.0,1.0,0.0,0.0,0.0,0.0,0.0,2.0,1.0,0.0,2.0,0.0,1.0,6.0,2.0,1.0,0.0,0.0,0.0,4.0,2.0,76.0,0.0,0.0,0.0,2.0,1.0,4.0,0.0,1.0,0.0,0.0,0.0,8.0,51.0,0.0,0.0,0.0,1.0,0.0,2.0,0.0,0.0,1.0,380.0,0.0,3.0,0.0,1.0,0.0,3.0,0.0,0.0,0.0,0.0,0.0,0.0,0.0,0.0,0.0,2.0,0.0,33.0,0.0,0.0,0.0,2.0,2.0,1.0,2.0,0.0,0.0,1.0,1.0,0.0,1.0,6.0,0.0,0.0,2.0,1.0,0.0,0.0,1.0,0.0,0.0,0.0,22.0,1.0
09 May,5.0,0.0,0.0,2.0,5.0,0.0,0.0,7.0,0.0,3.0,0.0,2.0,0.0,7.0,0.0,1.0,0.0,1.0,1.0,0.0,0.0,1.0,5.0,3.0,0.0,1.0,0.0,37.0,0.0,0.0,0.0,0.0,0.0,28.0,0.0,1.0,0.0,1.0,2.0,0.0,4.0,8.0,0.0,2.0,0.0,1.0,3.0,1.0,1.0,1.0,0.0,1.0,2.0,0.0,2.0,0.0,1.0,2.0,0.0,2.0,3.0,2.0,4.0,9.0,9.0,2.0,4.0,16.0,0.0,0.0,0.0,6.0,1.0,0.0,0.0,1.0,1.0,4.0,2.0,109.0,2.0,1.0,0.0,0.0,0.0,0.0,0.0,2.0,1.0,0.0,2.0,0.0,1.0,6.0,2.0,1.0,1.0,0.0,0.0,5.0,2.0,77.0,0.0,0.0,1.0,2.0,1.0,4.0,0.0,1.0,0.0,0.0,0.0,8.0,54.0,0.0,0.0,0.0,1.0,0.0,3.0,0.0,0.0,1.0,385.0,0.0,4.0,1.0,1.0,0.0,3.0,0.0,0.0,0.0,0.0,0.0,0.0,0.0,0.0,0.0,2.0,0.0,33.0,0.0,0.0,0.0,2.0,2.0,1.0,2.0,0.0,0.0,1.0,1.0,0.0,1.0,7.0,0.0,0.0,2.0,1.0,0.0,0.0,1.0,0.0,0.0,0.0,25.0,1.0
10 May,7.0,0.0,0.0,2.0,5.0,0.0,0.0,9.0,0.0,3.0,0.0,2.0,0.0,7.0,0.0,1.0,0.0,1.0,1.0,0.0,0.0,1.0,5.0,3.0,0.0,1.0,0.0,37.0,0.0,0.0,0.0,0.0,0.0,28.0,0.0,1.0,0.0,1.0,3.0,0.0,4.0,8.0,0.0,4.0,0.0,1.0,3.0,2.0,1.0,1.0,0.0,1.0,2.0,0.0,2.0,0.0,3.0,2.0,0.0,2.0,3.0,2.0,4.0,10.0,9.0,2.0,4.0,18.0,0.0,0.0,0.0,7.0,1.0,0.0,0.0,1.0,1.0,5.0,2.0,117.0,2.0,1.0,0.0,0.0,0.0,1.0,0.0,2.0,2.0,0.0,2.0,0.0,1.0,7.0,2.0,1.0,1.0,0.0,0.0,5.0,3.0,83.0,0.0,0.0,1.0,2.0,1.0,4.0,0.0,1.0,0.0,0.0,0.0,8.0,55.0,0.0,0.0,0.0,1.0,0.0,4.0,0.0,0.0,2.0,415.0,0.0,4.0,2.0,1.0,0.0,4.0,0.0,0.0,0.0,0.0,0.0,0.0,0.0,0.0,0.0,2.0,0.0,33.0,0.0,0.0,0.0,2.0,2.0,3.0,2.0,0.0,0.0,1.0,2.0,0.0,1.0,7.0,0.0,1.0,3.0,1.0,0.0,0.0,1.0,0.0,0.0,0.0,27.0,1.0
11 May,8.0,0.0,0.0,3.0,5.0,0.0,0.0,9.0,0.0,4.0,0.0,2.0,0.0,7.0,1.0,1.0,0.0,1.0,1.0,0.0,0.0,1.0,5.0,3.0,0.0,1.0,0.0,40.0,0.0,0.0,0.0,0.0,0.0,29.0,0.0,1.0,0.0,1.0,3.0,0.0,4.0,8.0,0.0,4.0,0.0,1.0,3.0,2.0,1.0,1.0,0.0,1.0,2.0,0.0,4.0,0.0,4.0,2.0,0.0,2.0,3.0,2.0,4.0,10.0,9.0,3.0,4.0,18.0,0.0,0.0,0.0,7.0,1.0,0.0,0.0,1.0,1.0,5.0,2.0,119.0,2.0,1.0,0.0,1.0,0.0,1.0,0.0,2.0,2.0,0.0,2.0,0.0,1.0,7.0,2.0,1.0,1.0,0.0,0.0,5.0,3.0,91.0,0.0,0.0,1.0,2.0,1.0,4.0,0.0,1.0,0.0,0.0,0.0,9.0,57.0,0.0,0.0,0.0,1.0,0.0,6.0,0.0,0.0,2.0,425.0,0.0,4.0,2.0,1.0,0.0,4.0,0.0,0.0,0.0,0.0,0.0,0.0,0.0,0.0,0.0,2.0,0.0,33.0,0.0,0.0,0.0,2.0,2.0,3.0,2.0,0.0,0.0,1.0,2.0,0.0,1.0,7.0,0.0,1.0,3.0,1.0,0.0,0.0,1.0,0.0,0.0,0.0,27.0,1.0
12 May,11.0,0.0,0.0,3.0,5.0,0.0,0.0,9.0,0.0,4.0,0.0,2.0,0.0,7.0,1.0,1.0,0.0,1.0,1.0,0.0,0.0,1.0,5.0,3.0,0.0,1.0,0.0,40.0,0.0,0.0,0.0,0.0,0.0,31.0,0.0,1.0,0.0,1.0,4.0,0.0,8.0,10.0,0.0,4.0,0.0,1.0,3.0,2.0,1.0,1.0,0.0,1.0,2.0,0.0,4.0,0.0,5.0,4.0,0.0,2.0,3.0,2.0,4.0,10.0,10.0,3.0,4.0,18.0,0.0,0.0,0.0,7.0,1.0,0.0,0.0,1.0,1.0,5.0,2.0,132.0,2.0,1.0,0.0,1.0,0.0,1.0,0.0,2.0,2.0,0.0,2.0,0.0,1.0,8.0,2.0,1.0,1.0,0.0,0.0,5.0,3.0,93.0,0.0,0.0,1.0,2.0,1.0,6.0,0.0,1.0,0.0,0.0,1.0,10.0,62.0,0.0,0.0,0.0,2.0,0.0,6.0,0.0,0.0,2.0,450.0,0.0,4.0,2.0,1.0,0.0,4.0,0.0,0.0,0.0,0.0,0.0,0.0,0.0,0.0,0.0,2.0,0.0,34.0,0.0,1.0,1.0,2.0,2.0,3.0,2.0,0.0,0.0,1.0,2.0,0.0,1.0,7.0,0.0,1.0,3.0,1.0,0.0,0.0,1.0,0.0,0.0,0.0,28.0,1.0
13 May,13.0,0.0,0.0,3.0,5.0,0.0,0.0,9.0,0.0,4.0,0.0,2.0,0.0,7.0,1.0,1.0,0.0,1.0,1.0,1.0,0.0,1.0,6.0,3.0,0.0,1.0,0.0,42.0,0.0,0.0,0.0,0.0,0.0,32.0,0.0,1.0,0.0,1.0,4.0,1.0,8.0,10.0,0.0,5.0,0.0,1.0,3.0,2.0,1.0,1.0,0.0,1.0,2.0,0.0,5.0,0.0,5.0,4.0,0.0,2.0,3.0,2.0,4.0,10.0,11.0,3.0,4.0,22.0,0.0,0.0,0.0,8.0,1.0,0.0,0.0,1.0,1.0,5.0,3.0,139.0,2.0,1.0,0.0,1.0,0.0,1.0,0.0,2.0,2.0,0.0,2.0,0.0,1.0,8.0,2.0,1.0,1.0,0.0,0.0,5.0,3.0,95.0,0.0,0.0,1.0,2.0,1.0,6.0,0.0,1.0,0.0,0.0,1.0,10.0,64.0,0.0,0.0,0.0,2.0,0.0,6.0,0.0,0.0,2.0,479.0,0.0,4.0,3.0,1.0,0.0,4.0,1.0,0.0,0.0,0.0,0.0,0.0,0.0,0.0,1.0,2.0,0.0,36.0,0.0,1.0,1.0,2.0,2.0,3.0,2.0,0.0,0.0,1.0,2.0,0.0,1.0,12.0,0.0,1.0,4.0,1.0,0.0,0.0,1.0,0.0,0.0,0.0,28.0,1.0
14 May,14.0,0.0,0.0,3.0,6.0,0.0,0.0,9.0,0.0,4.0,0.0,2.0,0.0,7.0,1.0,2.0,0.0,1.0,1.0,1.0,0.0,1.0,7.0,3.0,0.0,1.0,0.0,45.0,0.0,0.0,0.0,0.0,0.0,32.0,0.0,1.0,0.0,1.0,4.0,1.0,8.0,11.0,0.0,5.0,0.0,1.0,3.0,2.0,1.0,1.0,0.0,1.0,2.0,0.0,5.0,0.0,5.0,4.0,0.0,2.0,3.0,2.0,4.0,10.0,11.0,4.0,4.0,22.0,0.0,0.0,0.0,10.0,1.0,0.0,0.0,1.0,1.0,6.0,4.0,149.0,2.0,1.0,3.0,1.0,0.0,1.0,0.0,2.0,3.0,0.0,2.0,0.0,1.0,8.0,2.0,1.0,1.0,0.0,0.0,7.0,3.0,97.0,0.0,0.0,1.0,2.0,1.0,6.0,0.0,1.0,0.0,0.0,1.0,12.0,65.0,0.0,0.0,0.0,3.0,0.0,6.0,0.0,0.0,2.0,507.0,0.0,6.0,3.0,1.0,0.0,4.0,1.0,0.0,0.0,0.0,0.0,0.0,1.0,0.0,1.0,2.0,0.0,37.0,0.0,2.0,1.0,2.0,2.0,3.0,2.0,0.0,0.0,1.0,2.0,0.0,1.0,12.0,0.0,1.0,4.0,1.0,0.0,0.0,1.0,0.0,0.0,1.0,33.0,1.0
15 May,15.0,0.0,0.0,3.0,6.0,0.0,0.0,10.0,0.0,4.0,0.0,2.0,1.0,7.0,1.0,3.0,0.0,1.0,1.0,1.0,0.0,1.0,7.0,3.0,0.0,1.0,0.0,50.0,0.0,0.0,0.0,0.0,0.0,32.0,0.0,1.0,0.0,1.0,4.0,1.0,8.0,12.0,0.0,6.0,0.0,1.0,3.0,2.0,1.0,1.0,0.0,1.0,2.0,0.0,6.0,0.0,5.0,4.0,0.0,2.0,3.0,3.0,4.0,10.0,11.0,4.0,4.0,25.0,0.0,0.0,0.0,11.0,1.0,0.0,0.0,1.0,1.0,6.0,4.0,157.0,2.0,1.0,5.0,1.0,0.0,1.0,0.0,3.0,3.0,0.0,2.0,1.0,1.0,9.0,2.0,1.0,1.0,0.0,0.0,9.0,3.0,101.0,0.0,0.0,1.0,2.0,1.0,6.0,0.0,1.0,0.0,0.0,1.0,12.0,71.0,1.0,0.0,0.0,3.0,0.0,7.0,0.0,0.0,2.0,538.0,0.0,6.0,3.0,1.0,0.0,4.0,1.0,0.0,0.0,0.0,0.0,0.0,2.0,0.0,1.0,2.0,0.0,38.0,0.0,2.0,1.0,2.0,3.0,4.0,2.0,0.0,0.0,1.0,2.0,0.0,1.0,14.0,0.0,1.0,4.0,1.0,0.0,0.0,1.0,0.0,0.0,1.0,34.0,2.0
16 May,15.0,0.0,0.0,3.0,8.0,1.0,0.0,10.0,0.0,5.0,0.0,2.0,1.0,7.0,1.0,3.0,0.0,1.0,1.0,1.0,0.0,1.0,7.0,3.0,0.0,1.0,0.0,51.0,1.0,0.0,0.0,0.0,0.0,37.0,0.0,1.0,0.0,1.0,4.0,1.0,9.0,12.0,0.0,6.0,0.0,2.0,3.0,3.0,1.0,1.0,0.0,1.0,2.0,0.0,7.0,0.0,5.0,4.0,0.0,2.0,3.0,3.0,4.0,10.0,11.0,4.0,4.0,27.0,0.0,0.0,0.0,11.0,1.0,0.0,0.0,1.0,1.0,7.0,4.0,165.0,2.0,1.0,5.0,1.0,0.0,1.0,0.0,3.0,3.0,0.0,2.0,1.0,1.0,9.0,2.0,1.0,1.0,0.0,0.0,12.0,4.0,104.0,0.0,1.0,1.0,2.0,1.0,6.0,0.0,1.0,0.0,0.0,1.0,14.0,71.0,2.0,0.0,0.0,3.0,0.0,8.0,0.0,0.0,2.0,573.0,0.0,6.0,3.0,1.0,0.0,4.0,1.0,0.0,0.0,0.0,0.0,0.0,2.0,0.0,1.0,2.0,0.0,39.0,0.0,2.0,1.0,2.0,3.0,4.0,2.0,0.0,0.0,1.0,3.0,0.0,1.0,14.0,0.0,1.0,4.0,2.0,0.0,0.0,1.0,0.0,0.0,1.0,38.0,2.0
17 May,15.0,0.0,0.0,3.0,8.0,1.0,0.0,10.0,0.0,5.0,0.0,2.0,1.0,7.0,1.0,3.0,0.0,1.0,1.0,1.0,0.0,1.0,7.0,4.0,0.0,1.0,0.0,54.0,1.0,0.0,2.0,0.0,0.0,38.0,0.0,1.0,0.0,1.0,4.0,1.0,9.0,12.0,0.0,6.0,0.0,2.0,4.0,4.0,1.0,3.0,0.0,1.0,2.0,0.0,8.0,0.0,5.0,4.0,0.0,2.0,3.0,3.0,4.0,10.0,11.0,4.0,4.0,27.0,0.0,1.0,0.0,12.0,1.0,0.0,0.0,1.0,1.0,7.0,4.0,170.0,2.0,1.0,5.0,1.0,0.0,1.0,0.0,3.0,3.0,0.0,2.0,1.0,1.0,10.0,2.0,1.0,1.0,0.0,0.0,12.0,4.0,105.0,0.0,1.0,1.0,2.0,1.0,9.0,0.0,1.0,0.0,0.0,2.0,15.0,73.0,2.0,0.0,0.0,4.0,0.0,8.0,0.0,0.0,2.0,596.0,0.0,6.0,3.0,1.0,0.0,4.0,1.0,0.0,0.0,0.0,0.0,0.0,2.0,0.0,1.0,2.0,0.0,39.0,0.0,2.0,1.0,2.0,3.0,4.0,2.0,0.0,0.0,1.0,3.0,0.0,1.0,14.0,0.0,1.0,4.0,3.0,1.0,0.0,1.0,0.0,0.0,1.0,38.0,3.0
18 May,19.0,0.0,0.0,3.0,8.0,2.0,0.0,10.0,0.0,7.0,0.0,2.0,1.0,8.0,1.0,4.0,0.0,1.0,1.0,1.0,0.0,1.0,8.0,4.0,0.0,1.0,0.0,60.0,1.0,0.0,2.0,0.0,0.0,41.0,0.0,2.0,0.0,1.0,4.0,1.0,10.0,13.0,0.0,6.0,0.0,2.0,5.0,5.0,1.0,3.0,0.0,1.0,2.0,0.0,9.0,0.0,6.0,4.0,0.0,2.0,3.0,3.0,5.0,10.0,14.0,4.0,4.0,27.0,0.0,1.0,0.0,13.0,1.0,0.0,0.0,1.0,1.0,8.0,4.0,183.0,3.0,1.0,5.0,1.0,0.0,1.0,0.0,3.0,3.0,0.0,2.0,1.0,1.0,11.0,2.0,1.0,1.0,0.0,0.0,13.0,4.0,114.0,0.0,1.0,1.0,3.0,1.0,10.0,0.0,1.0,0.0,0.0,2.0,15.0,79.0,2.0,0.0,0.0,4.0,0.0,9.0,1.0,0.0,2.0,645.0,0.0,6.0,3.0,1.0,0.0,4.0,1.0,0.0,0.0,0.0,0.0,0.0,2.0,0.0,1.0,3.0,0.0,41.0,0.0,2.0,1.0,2.0,3.0,4.0,2.0,0.0,0.0,1.0,3.0,0.0,1.0,15.0,0.0,1.0,4.0,3.0,1.0,0.0,1.0,0.0,0.0,2.0,41.0,3.0
19 May,20.0,0.0,0.0,4.0,8.0,2.0,0.0,10.0,0.0,7.0,0.0,2.0,1.0,8.0,1.0,5.0,0.0,1.0,1.0,1.0,0.0,1.0,8.0,4.0,0.0,2.0,0.0,60.0,1.0,1.0,2.0,0.0,0.0,41.0,0.0,2.0,0.0,1.0,4.0,1.0,10.0,16.0,0.0,6.0,0.0,3.0,5.0,6.0,1.0,3.0,0.0,1.0,2.0,0.0,9.0,0.0,6.0,4.0,0.0,2.0,3.0,3.0,6.0,10.0,18.0,4.0,4.0,27.0,1.0,1.0,0.0,14.0,1.0,0.0,0.0,1.0,1.0,10.0,4.0,194.0,3.0,1.0,5.0,1.0,0.0,1.0,0.0,3.0,3.0,0.0,2.0,1.0,1.0,11.0,2.0,1.0,2.0,0.0,0.0,14.0,5.0,125.0,0.0,1.0,1.0,3.0,1.0,11.0,0.0,1.0,0.0,0.0,2.0,16.0,88.0,2.0,0.0,0.0,4.0,0.0,9.0,1.0,0.0,2.0,682.0,0.0,7.0,3.0,1.0,0.0,4.0,1.0,0.0,0.0,0.0,0.0,0.0,2.0,0.0,1.0,3.0,0.0,45.0,0.0,2.0,1.0,2.0,4.0,5.0,2.0,0.0,0.0,1.0,3.0,0.0,1.0,15.0,0.0,1.0,4.0,3.0,1.0,0.0,1.0,0.0,0.0,3.0,42.0,3.0
20 May,21.0,0.0,0.0,4.0,9.0,4.0,0.0,10.0,0.0,7.0,0.0,2.0,2.0,9.0,1.0,5.0,0.0,1.0,1.0,1.0,0.0,1.0,8.0,4.0,0.0,2.0,0.0,63.0,1.0,1.0,2.0,0.0,0.0,44.0,0.0,2.0,0.0,1.0,4.0,1.0,10.0,16.0,0.0,6.0,0.0,3.0,5.0,7.0,1.0,3.0,0.0,1.0,3.0,0.0,9.0,0.0,6.0,4.0,0.0,2.0,3.0,3.0,7.0,11.0,21.0,5.0,5.0,27.0,1.0,1.0,0.0,16.0,1.0,0.0,1.0,2.0,1.0,10.0,4.0,201.0,3.0,1.0,6.0,1.0,0.0,1.0,0.0,4.0,3.0,0.0,2.0,1.0,1.0,12.0,2.0,1.0,2.0,0.0,0.0,15.0,7.0,132.0,0.0,1.0,1.0,3.0,1.0,12.0,0.0,1.0,0.0,0.0,4.0,16.0,92.0,2.0,0.0,0.0,4.0,0.0,11.0,1.0,0.0,2.0,715.0,0.0,9.0,3.0,1.0,0.0,4.0,1.0,0.0,0.0,0.0,0.0,0.0,2.0,0.0,1.0,3.0,0.0,47.0,0.0,2.0,1.0,2.0,4.0,5.0,2.0,0.0,0.0,1.0,3.0,0.0,1.0,15.0,0.0,2.0,4.0,3.0,1.0,0.0,1.0,0.0,0.0,3.0,42.0,3.0
21 May,21.0,0.0,0.0,4.0,9.0,4.0,0.0,10.0,0.0,7.0,0.0,3.0,2.0,9.0,1.0,5.0,0.0,1.0,1.0,1.0,0.0,1.0,8.0,4.0,0.0,2.0,0.0,68.0,1.0,1.0,2.0,0.0,0.0,44.0,0.0,2.0,0.0,1.0,4.0,1.0,11.0,19.0,0.0,6.0,0.0,3.0,5.0,9.0,1.0,3.0,0.0,1.0,6.0,0.0,9.0,0.0,6.0,4.0,0.0,2.0,3.0,3.0,8.0,12.0,23.0,6.0,5.0,27.0,1.0,2.0,0.0,17.0,2.0,0.0,1.0,2.0,1.0,11.0,4.0,219.0,3.0,1.0,6.0,1.0,0.0,1.0,0.0,4.0,3.0,0.0,2.0,1.0,1.0,12.0,2.0,1.0,2.0,0.0,0.0,15.0,8.0,136.0,0.0,1.0,1.0,4.0,1.0,12.0,0.0,1.0,0.0,0.0,4.0,17.0,94.0,2.0,0.0,0.0,4.0,0.0,12.0,1.0,0.0,2.0,747.0,0.0,9.0,3.0,1.0,0.0,4.0,1.0,0.0,0.0,0.0,0.0,0.0,2.0,0.0,1.0,3.0,0.0,47.0,0.0,3.0,1.0,2.0,4.0,5.0,2.0,0.0,0.0,1.0,3.0,0.0,1.0,16.0,0.0,3.0,4.0,3.0,1.0,0.0,1.0,0.0,0.0,3.0,47.0,3.0
22 May,23.0,0.0,0.0,4.0,10.0,5.0,0.0,12.0,0.0,7.0,0.0,3.0,2.0,10.0,1.0,6.0,0.0,1.0,1.0,1.0,0.0,1.0,8.0,5.0,1.0,2.0,0.0,70.0,1.0,1.0,2.0,0.0,0.0,52.0,0.0,2.0,1.0,1.0,4.0,1.0,12.0,20.0,0.0,6.0,0.0,3.0,5.0,10.0,1.0,3.0,0.0,1.0,6.0,0.0,11.0,0.0,6.0,5.0,0.0,2.0,3.0,3.0,9.0,12.0,23.0,7.0,5.0,30.0,1.0,2.0,0.0,18.0,2.0,0.0,1.0,2.0,1.0,12.0,5.0,230.0,3.0,2.0,7.0,1.0,0.0,1.0,0.0,4.0,3.0,0.0,2.0,1.0,1.0,12.0,2.0,2.0,2.0,0.0,0.0,16.0,9.0,141.0,0.0,1.0,1.0,6.0,1.0,12.0,0.0,1.0,0.0,0.0,4.0,17.0,99.0,2.0,0.0,0.0,4.0,0.0,12.0,1.0,0.0,2.0,803.0,0.0,10.0,3.0,1.0,0.0,5.0,1.0,0.0,0.0,0.0,0.0,0.0,3.0,0.0,1.0,4.0,0.0,49.0,2.0,3.0,1.0,2.0,5.0,5.0,2.0,0.0,0.0,1.0,3.0,0.0,1.0,16.0,0.0,3.0,4.0,3.0,1.0,0.0,1.0,1.0,0.0,3.0,48.0,3.0
23 May,24.0,0.0,0.0,4.0,11.0,5.0,0.0,12.0,0.0,7.0,0.0,3.0,2.0,11.0,1.0,6.0,0.0,1.0,1.0,1.0,0.0,1.0,8.0,5.0,1.0,2.0,0.0,70.0,1.0,1.0,2.0,0.0,0.0,55.0,0.0,3.0,1.0,1.0,4.0,1.0,12.0,21.0,0.0,7.0,0.0,3.0,5.0,10.0,1.0,3.0,0.0,1.0,6.0,0.0,11.0,0.0,7.0,5.0,0.0,2.0,3.0,3.0,9.0,13.0,23.0,7.0,5.0,32.0,1.0,2.0,0.0,18.0,2.0,0.0,1.0,3.0,1.0,12.0,5.0,240.0,3.0,2.0,7.0,1.0,0.0,1.0,0.0,4.0,3.0,0.0,2.0,1.0,1.0,14.0,2.0,3.0,2.0,0.0,0.0,18.0,9.0,144.0,0.0,1.0,1.0,6.0,1.0,13.0,1.0,1.0,0.0,0.0,4.0,17.0,106.0,2.0,0.0,0.0,5.0,0.0,12.0,1.0,0.0,2.0,835.0,0.0,13.0,3.0,1.0,0.0,5.0,1.0,0.0,0.0,0.0,0.0,0.0,3.0,0.0,1.0,4.0,0.0,52.0,2.0,3.0,1.0,2.0,5.0,5.0,2.0,0.0,0.0,1.0,3.0,0.0,1.0,18.0,2.0,3.0,4.0,3.0,1.0,0.0,1.0,1.0,0.0,3.0,51.0,4.0
24 May,24.0,0.0,0.0,4.0,12.0,5.0,0.0,13.0,0.0,7.0,0.0,3.0,2.0,11.0,1.0,6.0,0.0,1.0,1.0,1.0,0.0,1.0,8.0,5.0,1.0,3.0,1.0,72.0,1.0,2.0,2.0,0.0,0.0,56.0,0.0,3.0,1.0,1.0,4.0,1.0,12.0,21.0,0.0,7.0,0.0,3.0,5.0,10.0,1.0,3.0,0.0,1.0,6.0,0.0,11.0,0.0,7.0,5.0,0.0,2.0,3.0,3.0,9.0,13.0,23.0,8.0,5.0,34.0,1.0,2.0,0.0,20.0,2.0,0.0,1.0,3.0,1.0,12.0,5.0,247.0,3.0,2.0,7.0,2.0,0.0,1.0,0.0,4.0,4.0,0.0,2.0,1.0,1.0,15.0,2.0,3.0,2.0,0.0,0.0,18.0,9.0,147.0,1.0,1.0,1.0,6.0,1.0,13.0,1.0,1.0,0.0,0.0,4.0,17.0,109.0,2.0,1.0,0.0,5.0,0.0,12.0,1.0,0.0,2.0,851.0,0.0,16.0,3.0,1.0,0.0,6.0,1.0,0.0,1.0,0.0,0.0,0.0,3.0,0.0,1.0,4.0,0.0,53.0,2.0,3.0,1.0,2.0,5.0,6.0,2.0,0.0,0.0,1.0,3.0,0.0,1.0,19.0,2.0,3.0,4.0,3.0,1.0,0.0,1.0,1.0,0.0,4.0,51.0,4.0
25 May,26.0,0.0,0.0,5.0,13.0,5.0,0.0,13.0,0.0,7.0,0.0,3.0,2.0,11.0,2.0,6.0,0.0,1.0,1.0,1.0,0.0,1.0,9.0,5.0,2.0,3.0,1.0,75.0,1.0,2.0,2.0,0.0,0.0,56.0,0.0,3.0,1.0,1.0,4.0,1.0,12.0,21.0,0.0,7.0,0.0,3.0,5.0,10.0,1.0,3.0,0.0,1.0,6.0,0.0,11.0,0.0,7.0,5.0,0.0,2.0,3.0,3.0,9.0,13.0,24.0,8.0,5.0,34.0,1.0,2.0,0.0,22.0,2.0,0.0,1.0,4.0,1.0,12.0,5.0,250.0,3.0,2.0,7.0,3.0,0.0,1.0,0.0,4.0,4.0,0.0,2.0,1.0,1.0,15.0,2.0,3.0,2.0,0.0,0.0,18.0,10.0,150.0,1.0,1.0,1.0,7.0,1.0,15.0,1.0,1.0,0.0,0.0,4.0,17.0,113.0,2.0,1.0,0.0,5.0,0.0,12.0,1.0,0.0,2.0,865.0,0.0,16.0,3.0,1.0,0.0,6.0,1.0,0.0,1.0,0.0,0.0,0.0,3.0,0.0,1.0,4.0,0.0,53.0,2.0,3.0,1.0,2.0,5.0,6.0,2.0,0.0,0.0,2.0,3.0,0.0,1.0,19.0,2.0,3.0,4.0,3.0,1.0,0.0,1.0,1.0,0.0,4.0,55.0,4.0
26 May,27.0,0.0,0.0,5.0,13.0,7.0,0.0,13.0,0.0,7.0,0.0,3.0,2.0,11.0,2.0,7.0,0.0,1.0,1.0,1.0,0.0,1.0,9.0,6.0,2.0,3.0,1.0,78.0,1.0,3.0,2.0,0.0,0.0,56.0,0.0,3.0,1.0,1.0,4.0,1.0,12.0,23.0,0.0,8.0,0.0,3.0,5.0,10.0,1.0,3.0,0.0,1.0,6.0,0.0,11.0,0.0,7.0,5.0,0.0,2.0,3.0,3.0,9.0,13.0,24.0,8.0,5.0,34.0,1.0,2.0,0.0,22.0,2.0,0.0,1.0,4.0,1.0,12.0,5.0,262.0,3.0,2.0,8.0,3.0,0.0,1.0,0.0,4.0,4.0,0.0,2.0,1.0,1.0,15.0,2.0,3.0,2.0,0.0,0.0,20.0,10.0,151.0,1.0,1.0,1.0,7.0,1.0,17.0,1.0,1.0,0.0,0.0,4.0,19.0,116.0,2.0,2.0,0.0,5.0,0.0,12.0,2.0,0.0,2.0,902.0,0.0,18.0,3.0,1.0,0.0,7.0,1.0,0.0,1.0,0.0,0.0,0.0,3.0,0.0,1.0,4.0,0.0,53.0,2.0,3.0,1.0,3.0,5.0,6.0,2.0,0.0,0.0,2.0,3.0,0.0,1.0,19.0,2.0,3.0,4.0,3.0,1.0,0.0,1.0,1.0,0.0,4.0,57.0,4.0
27 May,30.0,0.0,0.0,5.0,14.0,7.0,0.0,13.0,0.0,7.0,0.0,3.0,2.0,12.0,2.0,7.0,0.0,1.0,1.0,2.0,0.0,1.0,9.0,6.0,2.0,3.0,1.0,80.0,1.0,3.0,2.0,0.0,0.0,58.0,0.0,3.0,1.0,1.0,4.0,1.0,13.0,26.0,0.0,8.0,0.0,3.0,5.0,11.0,1.0,3.0,0.0,2.0,6.0,0.0,15.0,0.0,7.0,5.0,0.0,2.0,3.0,3.0,9.0,13.0,24.0,8.0,5.0,37.0,1.0,2.0,0.0,23.0,3.0,0.0,1.0,4.0,1.0,12.0,5.0,278.0,3.0,2.0,9.0,3.0,0.0,1.0,0.0,5.0,4.0,0.0,2.0,1.0,1.0,15.0,2.0,3.0,2.0,0.0,0.0,21.0,11.0,161.0,1.0,1.0,1.0,7.0,1.0,17.0,1.0,1.0,0.0,0.0,4.0,19.0,127.0,2.0,2.0,0.0,6.0,0.0,12.0,2.0,0.0,3.0,967.0,0.0,19.0,3.0,1.0,0.0,7.0,1.0,0.0,1.0,0.0,0.0,0.0,3.0,0.0,2.0,4.0,0.0,55.0,2.0,3.0,1.0,4.0,5.0,7.0,2.0,0.0,0.0,2.0,3.0,0.0,1.0,19.0,2.0,3.0,4.0,3.0,1.0,0.0,1.0,1.0,0.0,4.0,58.0,4.0
28 May,35.0,0.0,0.0,5.0,15.0,8.0,0.0,13.0,0.0,8.0,0.0,3.0,3.0,12.0,2.0,7.0,0.0,1.0,1.0,2.0,0.0,1.0,9.0,6.0,2.0,3.0,1.0,83.0,1.0,3.0,2.0,0.0,0.0,59.0,1.0,3.0,1.0,1.0,4.0,1.0,17.0,27.0,0.0,8.0,0.0,3.0,5.0,12.0,1.0,4.0,0.0,2.0,6.0,0.0,15.0,0.0,7.0,5.0,0.0,2.0,3.0,3.0,11.0,13.0,26.0,8.0,5.0,40.0,1.0,3.0,0.0,24.0,3.0,1.0,1.0,4.0,1.0,12.0,5.0,292.0,3.0,2.0,9.0,3.0,0.0,1.0,0.0,5.0,4.0,0.0,2.0,1.0,1.0,17.0,2.0,3.0,2.0,0.0,0.0,21.0,11.0,163.0,1.0,1.0,1.0,8.0,1.0,18.0,1.0,1.0,0.0,0.0,5.0,19.0,131.0,2.0,2.0,0.0,6.0,0.0,12.0,2.0,0.0,3.0,1004.0,0.0,19.0,3.0,1.0,0.0,7.0,1.0,0.0,1.0,0.0,0.0,0.0,3.0,0.0,2.0,4.0,0.0,55.0,2.0,3.0,1.0,4.0,5.0,7.0,2.0,0.0,0.0,2.0,3.0,0.0,1.0,20.0,3.0,3.0,4.0,3.0,1.0,0.0,1.0,1.0,0.0,4.0,60.0,4.0
29 May,38.0,0.0,0.0,5.0,15.0,8.0,0.0,13.0,0.0,8.0,0.0,3.0,3.0,12.0,2.0,10.0,0.0,1.0,1.0,2.0,0.0,1.0,10.0,8.0,2.0,3.0,1.0,86.0,1.0,3.0,2.0,0.0,0.0,62.0,1.0,3.0,1.0,1.0,4.0,1.0,17.0,33.0,0.0,8.0,0.0,3.0,5.0,13.0,1.0,5.0,0.0,3.0,7.0,0.0,15.0,0.0,7.0,5.0,0.0,2.0,3.0,3.0,11.0,13.0,29.0,10.0,5.0,44.0,1.0,3.0,0.0,25.0,3.0,1.0,1.0,4.0,1.0,12.0,5.0,300.0,3.0,2.0,9.0,3.0,0.0,1.0,0.0,5.0,4.0,0.0,2.0,1.0,1.0,17.0,2.0,3.0,2.0,0.0,0.0,22.0,11.0,167.0,1.0,1.0,1.0,8.0,1.0,20.0,1.0,1.0,0.0,0.0,5.0,20.0,140.0,2.0,2.0,0.0,6.0,0.0,12.0,2.0,0.0,3.0,1040.0,0.0,20.0,5.0,1.0,0.0,7.0,1.0,0.0,1.0,0.0,0.0,0.0,3.0,0.0,2.0,4.0,0.0,56.0,2.0,3.0,1.0,4.0,5.0,7.0,2.0,0.0,0.0,2.0,3.0,0.0,1.0,20.0,3.0,4.0,4.0,3.0,1.0,0.0,1.0,1.0,0.0,4.0,62.0,5.0
30 May,38.0,0.0,0.0,5.0,15.0,8.0,0.0,13.0,0.0,9.0,0.0,3.0,3.0,12.0,2.0,10.0,0.0,1.0,1.0,2.0,0.0,1.0,10.0,8.0,2.0,3.0,1.0,92.0,1.0,3.0,2.0,0.0,0.0,66.0,1.0,3.0,1.0,1.0,4.0,1.0,17.0,33.0,0.0,8.0,0.0,4.0,5.0,14.0,1.0,5.0,0.0,3.0,7.0,0.0,15.0,0.0,7.0,5.0,0.0,2.0,3.0,3.0,11.0,14.0,30.0,10.0,5.0,46.0,1.0,3.0,0.0,27.0,3.0,1.0,1.0,5.0,1.0,12.0,5.0,308.0,3.0,2.0,9.0,3.0,0.0,1.0,0.0,5.0,4.0,0.0,2.0,1.0,1.0,17.0,2.0,3.0,2.0,0.0,0.0,22.0,11.0,169.0,1.0,1.0,1.0,8.0,1.0,21.0,1.0,1.0,0.0,0.0,5.0,20.0,146.0,2.0,2.0,0.0,8.0,0.0,12.0,3.0,0.0,3.0,1064.0,0.0,23.0,5.0,1.0,0.0,7.0,1.0,0.0,1.0,0.0,0.0,0.0,3.0,0.0,2.0,4.0,0.0,56.0,3.0,3.0,1.0,4.0,5.0,7.0,2.0,1.0,0.0,2.0,3.0,0.0,1.0,20.0,3.0,4.0,4.0,3.0,1.0,0.0,1.0,1.0,0.0,4.0,64.0,5.0
31 May,40.0,0.0,0.0,5.0,16.0,8.0,0.0,14.0,0.0,9.0,0.0,4.0,3.0,12.0,2.0,10.0,0.0,1.0,1.0,2.0,0.0,1.0,10.0,8.0,2.0,3.0,1.0,95.0,1.0,3.0,2.0,0.0,0.0,66.0,1.0,3.0,1.0,1.0,4.0,1.0,19.0,33.0,0.0,9.0,0.0,4.0,5.0,15.0,1.0,7.0,0.0,3.0,7.0,0.0,15.0,0.0,7.0,5.0,0.0,2.0,3.0,3.0,11.0,16.0,30.0,10.0,5.0,48.0,1.0,3.0,0.0,31.0,3.0,1.0,1.0,6.0,1.0,16.0,5.0,318.0,3.0,2.0,9.0,3.0,0.0,1.0,0.0,5.0,4.0,0.0,2.0,1.0,1.0,17.0,2.0,3.0,2.0,0.0,0.0,24.0,11.0,170.0,1.0,1.0,1.0,8.0,1.0,23.0,1.0,1.0,0.0,0.0,5.0,20.0,149.0,2.0,3.0,0.0,8.0,0.0,12.0,3.0,0.0,3.0,1081.0,0.0,23.0,5.0,1.0,0.0,7.0,1.0,0.0,1.0,0.0,0.0,0.0,3.0,0.0,3.0,5.0,0.0,57.0,3.0,3.0,1.0,4.0,5.0,8.0,2.0,1.0,0.0,2.0,3.0,0.0,1.0,20.0,3.0,4.0,4.0,3.0,1.0,0.0,1.0,1.0,0.0,4.0,65.0,5.0
01 Jun,41.0,0.0,0.0,5.0,17.0,9.0,0.0,14.0,1.0,9.0,0.0,4.0,3.0,12.0,2.0,11.0,0.0,2.0,1.0,2.0,0.0,1.0,10.0,8.0,2.0,3.0,1.0,97.0,1.0,3.0,2.0,0.0,0.0,67.0,1.0,3.0,1.0,1.0,4.0,1.0,20.0,38.0,0.0,9.0,0.0,4.0,5.0,16.0,1.0,8.0,0.0,3.0,7.0,0.0,15.0,0.0,7.0,5.0,0.0,2.0,3.0,3.0,11.0,16.0,33.0,10.0,5.0,48.0,1.0,3.0,0.0,34.0,3.0,1.0,1.0,6.0,1.0,17.0,6.0,322.0,3.0,2.0,9.0,3.0,0.0,1.0,0.0,6.0,4.0,0.0,2.0,1.0,1.0,18.0,2.0,3.0,2.0,0.0,0.0,25.0,11.0,171.0,1.0,1.0,1.0,8.0,1.0,25.0,1.0,1.0,0.0,0.0,5.0,21.0,149.0,2.0,4.0,1.0,8.0,0.0,12.0,3.0,0.0,3.0,1097.0,0.0,26.0,5.0,2.0,0.0,8.0,1.0,0.0,1.0,0.0,0.0,0.0,3.0,0.0,3.0,5.0,0.0,57.0,4.0,3.0,1.0,4.0,5.0,8.0,2.0,1.0,0.0,2.0,3.0,0.0,1.0,20.0,3.0,4.0,4.0,3.0,1.0,0.0,2.0,1.0,0.0,7.0,67.0,6.0
02 Jun,41.0,0.0,0.0,5.0,20.0,10.0,0.0,14.0,1.0,9.0,0.0,4.0,3.0,12.0,2.0,11.0,0.0,2.0,1.0,2.0,0.0,1.0,10.0,8.0,3.0,3.0,1.0,98.0,1.0,3.0,2.0,0.0,0.0,74.0,1.0,3.0,1.0,1.0,4.0,1.0,21.0,38.0,0.0,10.0,0.0,4.0,5.0,16.0,1.0,8.0,0.0,3.0,7.0,0.0,15.0,0.0,7.0,5.0,0.0,2.0,3.0,3.0,12.0,16.0,33.0,10.0,5.0,48.0,1.0,3.0,0.0,39.0,3.0,1.0,2.0,8.0,1.0,17.0,6.0,332.0,3.0,2.0,9.0,3.0,0.0,1.0,0.0,6.0,4.0,0.0,2.0,1.0,1.0,18.0,2.0,3.0,2.0,0.0,0.0,29.0,11.0,175.0,1.0,1.0,1.0,8.0,1.0,25.0,1.0,1.0,0.0,1.0,5.0,21.0,152.0,2.0,4.0,1.0,8.0,1.0,12.0,4.0,0.0,3.0,1100.0,0.0,26.0,6.0,2.0,0.0,8.0,1.0,1.0,1.0,0.0,0.0,0.0,4.0,0.0,4.0,6.0,0.0,57.0,4.0,4.0,1.0,4.0,5.0,8.0,2.0,1.0,0.0,2.0,3.0,0.0,1.0,20.0,3.0,4.0,4.0,3.0,1.0,1.0,2.0,1.0,0.0,7.0,67.0,6.0
03 Jun,45.0,0.0,0.0,5.0,20.0,11.0,0.0,14.0,2.0,9.0,0.0,4.0,3.0,13.0,2.0,11.0,0.0,2.0,1.0,2.0,0.0,1.0,10.0,8.0,3.0,3.0,1.0,100.0,1.0,3.0,2.0,0.0,0.0,75.0,1.0,3.0,1.0,1.0,4.0,1.0,21.0,40.0,0.0,10.0,0.0,4.0,5.0,16.0,1.0,8.0,0.0,3.0,7.0,0.0,17.0,0.0,9.0,5.0,0.0,2.0,3.0,3.0,12.0,16.0,34.0,10.0,5.0,52.0,1.0,3.0,0.0,41.0,3.0,1.0,2.0,8.0,1.0,17.0,6.0,344.0,3.0,3.0,9.0,4.0,0.0,1.0,0.0,6.0,4.0,0.0,2.0,1.0,1.0,19.0,2.0,3.0,2.0,0.0,0.0,29.0,11.0,179.0,1.0,1.0,1.0,10.0,1.0,26.0,1.0,1.0,0.0,1.0,5.0,21.0,155.0,2.0,4.0,1.0,10.0,1.0,12.0,4.0,0.0,3.0,1120.0,0.0,28.0,6.0,2.0,0.0,8.0,1.0,1.0,1.0,0.0,0.0,0.0,5.0,0.0,4.0,6.0,0.0,59.0,4.0,4.0,1.0,4.0,6.0,8.0,2.0,1.0,0.0,2.0,3.0,0.0,1.0,21.0,3.0,4.0,4.0,3.0,1.0,1.0,2.0,1.0,0.0,7.0,68.0,7.0
04 Jun,47.0,0.0,0.0,5.0,21.0,11.0,0.0,14.0,2.0,9.0,0.0,6.0,3.0,13.0,2.0,11.0,0.0,2.0,1.0,2.0,0.0,1.0,10.0,9.0,3.0,3.0,1.0,107.0,1.0,3.0,2.0,0.0,0.0,76.0,1.0,3.0,1.0,1.0,4.0,1.0,21.0,40.0,0.0,10.0,0.0,4.0,5.0,17.0,1.0,9.0,1.0,3.0,7.0,0.0,17.0,0.0,9.0,5.0,0.0,2.0,3.0,7.0,12.0,16.0,37.0,10.0,5.0,53.0,1.0,3.0,0.0,43.0,3.0,1.0,2.0,8.0,1.0,17.0,6.0,360.0,3.0,3.0,9.0,4.0,0.0,1.0,0.0,6.0,4.0,0.0,2.0,1.0,1.0,19.0,2.0,3.0,2.0,0.0,0.0,29.0,11.0,180.0,1.0,1.0,1.0,12.0,1.0,27.0,1.0,1.0,0.0,1.0,5.0,22.0,157.0,2.0,4.0,1.0,10.0,1.0,12.0,4.0,0.0,3.0,1177.0,0.0,30.0,8.0,2.0,0.0,8.0,1.0,2.0,1.0,0.0,0.0,0.0,7.0,0.0,4.0,6.0,0.0,60.0,5.0,5.0,1.0,4.0,6.0,8.0,2.0,1.0,0.0,2.0,3.0,0.0,1.0,22.0,3.0,4.0,4.0,3.0,1.0,1.0,2.0,1.0,0.0,7.0,70.0,8.0
05 Jun,47.0,0.0,0.0,5.0,21.0,12.0,0.0,15.0,2.0,10.0,0.0,6.0,3.0,14.0,2.0,12.0,0.0,2.0,1.0,2.0,0.0,1.0,10.0,10.0,3.0,3.0,1.0,107.0,1.0,3.0,2.0,0.0,0.0,77.0,1.0,3.0,1.0,1.0,4.0,1.0,21.0,41.0,0.0,10.0,0.0,4.0,7.0,17.0,1.0,9.0,1.0,5.0,7.0,0.0,17.0,0.0,10.0,5.0,0.0,2.0,4.0,7.0,12.0,16.0,38.0,11.0,5.0,53.0,1.0,3.0,0.0,45.0,3.0,1.0,2.0,10.0,1.0,17.0,6.0,363.0,3.0,3.0,9.0,4.0,0.0,1.0,0.0,6.0,4.0,0.0,2.0,1.0,1.0,19.0,2.0,3.0,2.0,0.0,0.0,30.0,11.0,180.0,1.0,1.0,1.0,12.0,1.0,27.0,1.0,1.0,0.0,1.0,5.0,23.0,160.0,2.0,4.0,1.0,10.0,1.0,12.0,4.0,0.0,3.0,1207.0,0.0,31.0,8.0,2.0,0.0,8.0,1.0,4.0,1.0,0.0,0.0,1.0,8.0,0.0,4.0,7.0,1.0,62.0,5.0,5.0,1.0,4.0,8.0,8.0,2.0,1.0,0.0,2.0,3.0,0.0,1.0,23.0,3.0,4.0,4.0,3.0,1.0,1.0,2.0,1.0,0.0,7.0,71.0,8.0
06 Jun,47.0,0.0,0.0,6.0,21.0,12.0,0.0,16.0,2.0,10.0,0.0,6.0,3.0,15.0,2.0,12.0,0.0,2.0,1.0,2.0,0.0,1.0,10.0,10.0,3.0,3.0,1.0,109.0,1.0,3.0,2.0,0.0,0.0,77.0,1.0,3.0,1.0,2.0,4.0,1.0,22.0,42.0,0.0,10.0,0.0,4.0,7.0,18.0,1.0,9.0,1.0,5.0,7.0,0.0,17.0,0.0,10.0,5.0,0.0,2.0,4.0,7.0,13.0,16.0,38.0,11.0,5.0,55.0,1.0,3.0,0.0,46.0,3.0,1.0,2.0,15.0,1.0,18.0,6.0,365.0,3.0,3.0,10.0,4.0,0.0,1.0,0.0,6.0,4.0,0.0,3.0,1.0,1.0,19.0,2.0,3.0,2.0,0.0,0.0,30.0,11.0,184.0,1.0,1.0,1.0,13.0,1.0,28.0,1.0,1.0,0.0,1.0,5.0,24.0,164.0,2.0,4.0,1.0,11.0,1.0,12.0,5.0,0.0,3.0,1235.0,0.0,31.0,8.0,2.0,0.0,8.0,1.0,4.0,1.0,0.0,0.0,1.0,8.0,0.0,4.0,7.0,1.0,62.0,5.0,5.0,1.0,4.0,8.0,9.0,2.0,1.0,0.0,3.0,3.0,1.0,1.0,23.0,3.0,4.0,4.0,3.0,1.0,1.0,2.0,1.0,0.0,7.0,71.0,8.0
07 Jun,48.0,0.0,0.0,7.0,22.0,12.0,0.0,16.0,2.0,10.0,0.0,7.0,3.0,15.0,2.0,12.0,0.0,2.0,1.0,2.0,0.0,1.0,10.0,10.0,3.0,3.0,1.0,111.0,1.0,3.0,2.0,0.0,0.0,78.0,1.0,3.0,1.0,2.0,4.0,1.0,22.0,43.0,0.0,11.0,0.0,4.0,7.0,18.0,2.0,9.0,1.0,5.0,7.0,0.0,17.0,1.0,10.0,5.0,0.0,2.0,4.0,7.0,13.0,16.0,38.0,11.0,5.0,55.0,1.0,3.0,0.0,47.0,3.0,1.0,2.0,16.0,1.0,18.0,6.0,369.0,3.0,3.0,10.0,4.0,0.0,1.0,0.0,6.0,4.0,0.0,3.0,1.0,1.0,19.0,2.0,3.0,2.0,0.0,0.0,30.0,11.0,184.0,1.0,1.0,2.0,14.0,1.0,30.0,1.0,1.0,1.0,1.0,5.0,24.0,166.0,2.0,4.0,1.0,11.0,1.0,12.0,5.0,0.0,3.0,1242.0,0.0,31.0,8.0,2.0,0.0,8.0,1.0,4.0,1.0,0.0,0.0,1.0,8.0,0.0,4.0,7.0,1.0,62.0,5.0,5.0,1.0,4.0,9.0,9.0,2.0,1.0,0.0,4.0,3.0,1.0,1.0,23.0,3.0,4.0,4.0,3.0,1.0,1.0,2.0,1.0,0.0,8.0,71.0,8.0
08 Jun,48.0,0.0,0.0,7.0,22.0,12.0,0.0,16.0,2.0,10.0,0.0,7.0,3.0,16.0,2.0,13.0,0.0,2.0,1.0,2.0,0.0,1.0,10.0,10.0,3.0,3.0,1.0,111.0,1.0,3.0,2.0,0.0,0.0,79.0,1.0,3.0,1.0,2.0,4.0,1.0,22.0,45.0,0.0,11.0,0.0,4.0,7.0,18.0,2.0,9.0,1.0,5.0,7.0,0.0,17.0,1.0,10.0,5.0,0.0,2.0,4.0,8.0,13.0,16.0,38.0,11.0,5.0,55.0,1.0,3.0,0.0,48.0,3.0,1.0,2.0,16.0,1.0,18.0,6.0,370.0,3.0,3.0,10.0,4.0,0.0,1.0,0.0,6.0,4.0,0.0,3.0,1.0,2.0,19.0,2.0,3.0,2.0,0.0,0.0,30.0,11.0,186.0,1.0,1.0,2.0,15.0,1.0,30.0,1.0,1.0,1.0,1.0,5.0,24.0,166.0,2.0,4.0,1.0,11.0,1.0,15.0,5.0,0.0,3.0,1270.0,0.0,31.0,9.0,2.0,0.0,8.0,1.0,4.0,1.0,0.0,0.0,1.0,8.0,0.0,4.0,7.0,1.0,62.0,5.0,5.0,1.0,4.0,9.0,9.0,2.0,1.0,0.0,4.0,3.0,1.0,1.0,23.0,3.0,4.0,4.0,3.0,1.0,1.0,2.0,1.0,0.0,8.0,71.0,8.0
09 Jun,51.0,0.0,0.0,7.0,22.0,12.0,1.0,16.0,2.0,10.0,0.0,7.0,3.0,16.0,2.0,13.0,0.0,3.0,1.0,2.0,0.0,1.0,10.0,10.0,3.0,3.0,1.0,113.0,1.0,3.0,2.0,0.0,0.0,81.0,1.0,3.0,1.0,2.0,4.0,1.0,24.0,48.0,2.0,11.0,0.0,4.0,7.0,18.0,2.0,9.0,1.0,5.0,7.0,0.0,17.0,1.0,10.0,5.0,0.0,2.0,4.0,8.0,16.0,16.0,38.0,12.0,5.0,55.0,1.0,3.0,0.0,48.0,3.0,1.0,2.0,16.0,1.0,18.0,6.0,382.0,3.0,4.0,11.0,4.0,0.0,1.0,0.0,6.0,4.0,0.0,3.0,1.0,2.0,20.0,2.0,3.0,2.0,0.0,0.0,30.0,13.0,190.0,1.0,1.0,2.0,17.0,1.0,32.0,1.0,1.0,1.0,1.0,5.0,24.0,166.0,2.0,5.0,1.0,11.0,2.0,15.0,5.0,0.0,3.0,1315.0,0.0,33.0,9.0,2.0,0.0,9.0,2.0,5.0,3.0,1.0,0.0,1.0,8.0,0.0,4.0,7.0,1.0,62.0,5.0,5.0,1.0,4.0,9.0,9.0,2.0,1.0,0.0,4.0,3.0,1.0,1.0,23.0,3.0,4.0,4.0,3.0,1.0,2.0,2.0,1.0,1.0,8.0,73.0,8.0
10 Jun,51.0,0.0,0.0,7.0,22.0,12.0,1.0,16.0,2.0,11.0,0.0,7.0,3.0,16.0,2.0,14.0,0.0,3.0,1.0,2.0,0.0,1.0,10.0,10.0,3.0,3.0,1.0,114.0,1.0,3.0,2.0,0.0,0.0,83.0,1.0,3.0,1.0,2.0,4.0,1.0,25.0,48.0,2.0,12.0,0.0,4.0,7.0,18.0,2.0,9.0,1.0,6.0,8.0,0.0,17.0,1.0,10.0,5.0,0.0,2.0,4.0,8.0,16.0,16.0,38.0,12.0,5.0,56.0,1.0,3.0,0.0,48.0,3.0,1.0,2.0,16.0,1.0,18.0,6.0,391.0,3.0,4.0,11.0,5.0,0.0,1.0,0.0,6.0,4.0,0.0,3.0,1.0,2.0,20.0,2.0,3.0,2.0,0.0,0.0,30.0,13.0,193.0,1.0,1.0,2.0,19.0,1.0,32.0,1.0,1.0,1.0,1.0,5.0,24.0,169.0,2.0,5.0,1.0,11.0,2.0,15.0,5.0,0.0,3.0,1361.0,0.0,34.0,9.0,2.0,0.0,9.0,2.0,5.0,3.0,1.0,0.0,1.0,9.0,0.0,4.0,7.0,1.0,63.0,5.0,5.0,1.0,4.0,9.0,9.0,2.0,1.0,1.0,4.0,3.0,1.0,1.0,23.0,3.0,4.0,4.0,3.0,1.0,2.0,2.0,1.0,1.0,8.0,73.0,8.0
11 Jun,51.0,0.0,1.0,7.0,23.0,12.0,1.0,17.0,2.0,11.0,0.0,7.0,3.0,17.0,2.0,15.0,0.0,3.0,1.0,4.0,0.0,1.0,10.0,10.0,3.0,3.0,1.0,118.0,1.0,3.0,2.0,0.0,0.0,85.0,1.0,3.0,1.0,2.0,4.0,1.0,26.0,51.0,2.0,12.0,0.0,4.0,7.0,18.0,2.0,9.0,1.0,6.0,8.0,0.0,17.0,1.0,10.0,5.0,0.0,2.0,4.0,9.0,18.0,17.0,38.0,12.0,5.0,56.0,1.0,3.0,0.0,53.0,3.0,1.0,2.0,16.0,1.0,18.0,6.0,398.0,3.0,4.0,12.0,5.0,0.0,1.0,0.0,6.0,5.0,0.0,3.0,1.0,3.0,20.0,2.0,3.0,2.0,0.0,0.0,30.0,13.0,194.0,1.0,1.0,2.0,19.0,1.0,33.0,1.0,1.0,1.0,1.0,5.0,24.0,171.0,2.0,5.0,1.0,11.0,2.0,15.0,6.0,0.0,3.0,1402.0,0.0,35.0,11.0,2.0,0.0,9.0,2.0,5.0,3.0,1.0,0.0,1.0,10.0,0.0,4.0,7.0,1.0,63.0,5.0,5.0,1.0,4.0,9.0,9.0,2.0,1.0,1.0,4.0,3.0,1.0,1.0,24.0,3.0,4.0,4.0,3.0,1.0,2.0,2.0,1.0,1.0,8.0,86.0,8.0
12 Jun,51.0,0.0,1.0,7.0,24.0,12.0,1.0,17.0,2.0,11.0,0.0,7.0,3.0,17.0,2.0,15.0,0.0,3.0,1.0,5.0,0.0,1.0,10.0,10.0,3.0,3.0,1.0,118.0,1.0,3.0,2.0,0.0,0.0,85.0,1.0,3.0,1.0,2.0,4.0,1.0,27.0,52.0,2.0,12.0,0.0,4.0,7.0,18.0,2.0,9.0,1.0,7.0,8.0,0.0,17.0,1.0,10.0,5.0,0.0,2.0,4.0,9.0,19.0,17.0,40.0,12.0,5.0,57.0,1.0,3.0,1.0,53.0,3.0,1.0,2.0,18.0,1.0,18.0,6.0,401.0,3.0,4.0,12.0,5.0,0.0,1.0,0.0,6.0,5.0,0.0,3.0,1.0,3.0,21.0,2.0,3.0,2.0,0.0,0.0,30.0,13.0,195.0,1.0,1.0,2.0,19.0,1.0,33.0,1.0,1.0,1.0,1.0,6.0,24.0,173.0,2.0,5.0,1.0,11.0,2.0,15.0,6.0,0.0,3.0,1439.0,0.0,35.0,11.0,2.0,0.0,9.0,3.0,5.0,4.0,1.0,0.0,1.0,10.0,0.0,4.0,7.0,1.0,63.0,5.0,5.0,1.0,4.0,9.0,9.0,2.0,1.0,1.0,5.0,3.0,1.0,1.0,25.0,3.0,4.0,5.0,3.0,1.0,2.0,2.0,1.0,1.0,8.0,86.0,8.0
13 Jun,51.0,0.0,1.0,7.0,24.0,12.0,1.0,17.0,2.0,12.0,0.0,7.0,3.0,19.0,2.0,15.0,0.0,3.0,1.0,5.0,0.0,1.0,10.0,10.0,3.0,3.0,1.0,122.0,1.0,3.0,2.0,0.0,0.0,85.0,1.0,3.0,1.0,2.0,4.0,1.0,28.0,53.0,2.0,13.0,0.0,4.0,7.0,18.0,2.0,9.0,1.0,8.0,8.0,0.0,19.0,1.0,10.0,5.0,0.0,2.0,4.0,9.0,19.0,17.0,41.0,12.0,5.0,58.0,1.0,3.0,1.0,53.0,3.0,1.0,2.0,18.0,1.0,18.0,6.0,409.0,3.0,4.0,13.0,5.0,0.0,1.0,0.0,6.0,5.0,0.0,3.0,1.0,3.0,21.0,3.0,3.0,2.0,0.0,0.0,30.0,13.0,199.0,1.0,1.0,3.0,19.0,1.0,34.0,1.0,1.0,2.0,1.0,6.0,26.0,175.0,2.0,5.0,1.0,11.0,2.0,15.0,6.0,0.0,3.0,1484.0,0.0,36.0,11.0,2.0,0.0,9.0,3.0,5.0,4.0,1.0,0.0,1.0,10.0,0.0,6.0,7.0,1.0,63.0,6.0,5.0,1.0,4.0,9.0,9.0,2.0,1.0,3.0,6.0,3.0,1.0,1.0,27.0,3.0,4.0,5.0,3.0,1.0,2.0,2.0,1.0,1.0,8.0,86.0,8.0
14 Jun,51.0,0.0,1.0,7.0,24.0,12.0,1.0,17.0,2.0,12.0,0.0,7.0,3.0,19.0,2.0,16.0,0.0,3.0,1.0,5.0,0.0,1.0,10.0,10.0,3.0,3.0,1.0,122.0,1.0,3.0,2.0,0.0,0.0,85.0,1.0,3.0,1.0,2.0,5.0,1.0,28.0,57.0,2.0,14.0,0.0,4.0,7.0,18.0,2.0,9.0,1.0,8.0,9.0,0.0,20.0,1.0,10.0,5.0,0.0,2.0,4.0,9.0,20.0,17.0,41.0,12.0,5.0,58.0,1.0,3.0,1.0,53.0,3.0,1.0,2.0,18.0,1.0,18.0,6.0,415.0,3.0,4.0,13.0,6.0,0.0,1.0,0.0,6.0,5.0,0.0,3.0,1.0,3.0,22.0,3.0,3.0,3.0,0.0,0.0,30.0,13.0,199.0,1.0,1.0,3.0,19.0,1.0,36.0,1.0,1.0,2.0,1.0,6.0,26.0,176.0,2.0,5.0,1.0,12.0,2.0,15.0,6.0,1.0,3.0,1529.0,0.0,37.0,11.0,2.0,0.0,9.0,3.0,5.0,4.0,1.0,0.0,1.0,10.0,0.0,6.0,8.0,1.0,63.0,6.0,5.0,1.0,4.0,9.0,9.0,2.0,1.0,3.0,6.0,3.0,1.0,1.0,27.0,3.0,4.0,5.0,3.0,1.0,2.0,2.0,1.0,1.0,8.0,87.0,8.0
15 Jun,52.0,0.0,1.0,8.0,24.0,12.0,1.0,17.0,2.0,12.0,0.0,8.0,3.0,19.0,2.0,16.0,0.0,3.0,1.0,5.0,0.0,1.0,10.0,10.0,3.0,3.0,1.0,123.0,1.0,3.0,2.0,0.0,0.0,85.0,1.0,3.0,1.0,3.0,5.0,1.0,30.0,58.0,2.0,15.0,0.0,4.0,7.0,18.0,2.0,9.0,1.0,8.0,9.0,0.0,20.0,1.0,10.0,5.0,0.0,2.0,4.0,9.0,20.0,17.0,41.0,12.0,5.0,58.0,1.0,3.0,1.0,53.0,4.0,1.0,2.0,19.0,1.0,18.0,6.0,418.0,3.0,4.0,13.0,6.0,0.0,1.0,0.0,6.0,5.0,0.0,3.0,1.0,3.0,23.0,3.0,3.0,3.0,0.0,0.0,30.0,13.0,203.0,1.0,1.0,3.0,19.0,1.0,36.0,1.0,1.0,2.0,1.0,6.0,26.0,176.0,2.0,5.0,1.0,12.0,2.0,15.0,6.0,1.0,3.0,1538.0,0.0,37.0,11.0,2.0,0.0,9.0,3.0,5.0,4.0,1.0,0.0,1.0,10.0,0.0,6.0,8.0,1.0,63.0,6.0,6.0,1.0,4.0,9.0,9.0,2.0,1.0,3.0,6.0,3.0,1.0,1.0,27.0,3.0,4.0,5.0,3.0,1.0,2.0,2.0,1.0,1.0,8.0,88.0,8.0
16 Jun,52.0,0.0,1.0,8.0,24.0,12.0,1.0,17.0,2.0,12.0,0.0,8.0,3.0,20.0,2.0,18.0,0.0,4.0,1.0,6.0,0.0,1.0,11.0,10.0,3.0,3.0,1.0,125.0,1.0,3.0,2.0,0.0,0.0,85.0,1.0,3.0,2.0,3.0,5.0,1.0,31.0,60.0,2.0,15.0,0.0,4.0,7.0,18.0,2.0,9.0,1.0,8.0,9.0,0.0,20.0,1.0,11.0,5.0,0.0,2.0,4.0,9.0,21.0,17.0,41.0,12.0,5.0,58.0,1.0,3.0,1.0,55.0,4.0,1.0,2.0,19.0,1.0,18.0,6.0,430.0,3.0,4.0,13.0,6.0,1.0,1.0,0.0,6.0,5.0,0.0,3.0,1.0,3.0,23.0,3.0,3.0,3.0,0.0,0.0,30.0,16.0,205.0,1.0,1.0,3.0,20.0,1.0,36.0,1.0,3.0,2.0,1.0,7.0,26.0,176.0,3.0,5.0,1.0,14.0,2.0,15.0,6.0,1.0,3.0,1563.0,0.0,38.0,11.0,2.0,0.0,9.0,3.0,5.0,4.0,1.0,0.0,1.0,10.0,0.0,6.0,8.0,1.0,64.0,6.0,6.0,1.0,4.0,9.0,9.0,4.0,1.0,3.0,6.0,3.0,1.0,1.0,27.0,3.0,4.0,5.0,3.0,2.0,2.0,2.0,1.0,1.0,8.0,88.0,8.0
17 Jun,52.0,0.0,1.0,9.0,24.0,12.0,1.0,17.0,2.0,13.0,0.0,8.0,3.0,20.0,2.0,19.0,0.0,4.0,1.0,6.0,0.0,1.0,12.0,10.0,3.0,3.0,1.0,125.0,1.0,3.0,2.0,0.0,0.0,86.0,1.0,3.0,2.0,3.0,5.0,1.0,31.0,62.0,2.0,15.0,0.0,4.0,8.0,18.0,2.0,9.0,1.0,10.0,9.0,0.0,20.0,1.0,11.0,5.0,0.0,2.0,4.0,9.0,21.0,18.0,42.0,13.0,5.0,58.0,1.0,3.0,1.0,56.0,4.0,1.0,2.0,19.0,1.0,20.0,6.0,431.0,3.0,4.0,13.0,8.0,1.0,1.0,0.0,6.0,6.0,0.0,3.0,1.0,3.0,23.0,3.0,3.0,3.0,0.0,0.0,31.0,16.0,205.0,1.0,1.0,3.0,22.0,1.0,36.0,1.0,3.0,2.0,1.0,7.0,26.0,179.0,3.0,5.0,1.0,14.0,2.0,15.0,6.0,1.0,3.0,1584.0,0.0,38.0,11.0,2.0,0.0,9.0,3.0,5.0,5.0,1.0,0.0,1.0,10.0,0.0,6.0,8.0,1.0,65.0,6.0,6.0,1.0,4.0,9.0,9.0,4.0,1.0,3.0,6.0,4.0,1.0,1.0,28.0,3.0,5.0,6.0,3.0,2.0,2.0,2.0,1.0,1.0,8.0,88.0,8.0
18 Jun,52.0,0.0,1.0,9.0,24.0,15.0,1.0,17.0,2.0,14.0,0.0,8.0,3.0,20.0,2.0,19.0,0.0,5.0,1.0,6.0,0.0,1.0,12.0,10.0,3.0,3.0,1.0,126.0,1.0,3.0,2.0,0.0,0.0,86.0,1.0,3.0,2.0,3.0,6.0,1.0,33.0,62.0,2.0,15.0,0.0,4.0,9.0,18.0,2.0,9.0,1.0,10.0,9.0,0.0,20.0,1.0,11.0,5.0,0.0,2.0,4.0,11.0,22.0,18.0,42.0,13.0,5.0,58.0,1.0,3.0,1.0,57.0,4.0,1.0,2.0,20.0,1.0,20.0,6.0,443.0,3.0,4.0,13.0,8.0,1.0,1.0,0.0,6.0,6.0,0.0,3.0,1.0,3.0,24.0,3.0,3.0,3.0,0.0,0.0,31.0,17.0,206.0,1.0,1.0,3.0,23.0,1.0,36.0,1.0,3.0,2.0,1.0,7.0,26.0,181.0,3.0,5.0,1.0,16.0,2.0,15.0,6.0,1.0,3.0,1594.0,0.0,38.0,12.0,2.0,0.0,9.0,3.0,5.0,6.0,1.0,0.0,1.0,10.0,0.0,7.0,8.0,1.0,65.0,6.0,6.0,1.0,4.0,9.0,9.0,4.0,1.0,3.0,6.0,4.0,1.0,1.0,28.0,3.0,5.0,6.0,3.0,2.0,2.0,2.0,1.0,1.0,8.0,88.0,8.0
19 Jun,52.0,1.0,1.0,10.0,24.0,15.0,1.0,17.0,2.0,14.0,0.0,8.0,3.0,20.0,2.0,19.0,0.0,5.0,1.0,6.0,0.0,2.0,12.0,11.0,4.0,3.0,1.0,126.0,1.0,3.0,2.0,0.0,0.0,86.0,2.0,3.0,2.0,3.0,6.0,1.0,33.0,63.0,2.0,15.0,1.0,4.0,9.0,18.0,2.0,9.0,1.0,10.0,9.0,0.0,20.0,1.0,11.0,5.0,0.0,2.0,4.0,11.0,22.0,18.0,42.0,13.0,5.0,58.0,1.0,3.0,1.0,60.0,5.0,1.0,2.0,20.0,1.0,20.0,7.0,446.0,3.0,4.0,15.0,8.0,1.0,2.0,0.0,6.0,6.0,0.0,3.0,1.0,3.0,25.0,3.0,3.0,4.0,0.0,0.0,31.0,17.0,207.0,1.0,1.0,3.0,23.0,1.0,37.0,1.0,4.0,2.0,1.0,7.0,26.0,182.0,3.0,5.0,2.0,16.0,2.0,15.0,6.0,1.0,3.0,1608.0,0.0,38.0,12.0,2.0,0.0,9.0,3.0,5.0,8.0,1.0,0.0,1.0,10.0,0.0,7.0,9.0,1.0,65.0,6.0,6.0,1.0,4.0,9.0,9.0,4.0,1.0,3.0,6.0,4.0,1.0,1.0,28.0,3.0,5.0,6.0,3.0,2.0,2.0,2.0,1.0,1.0,8.0,89.0,9.0
20 Jun,53.0,1.0,1.0,10.0,25.0,15.0,1.0,17.0,3.0,15.0,0.0,8.0,3.0,20.0,2.0,19.0,0.0,5.0,1.0,6.0,0.0,3.0,12.0,11.0,4.0,3.0,1.0,131.0,1.0,3.0,2.0,0.0,0.0,86.0,2.0,3.0,2.0,3.0,6.0,1.0,33.0,65.0,2.0,15.0,1.0,4.0,10.0,18.0,2.0,9.0,1.0,10.0,9.0,0.0,21.0,1.0,11.0,5.0,0.0,2.0,4.0,11.0,23.0,18.0,42.0,13.0,5.0,58.0,1.0,3.0,1.0,60.0,6.0,1.0,2.0,20.0,1.0,20.0,7.0,449.0,3.0,4.0,15.0,8.0,1.0,2.0,0.0,6.0,6.0,0.0,3.0,1.0,3.0,25.0,3.0,3.0,4.0,0.0,0.0,31.0,17.0,208.0,1.0,1.0,3.0,23.0,1.0,38.0,1.0,4.0,2.0,1.0,7.0,26.0,182.0,3.0,5.0,2.0,17.0,2.0,15.0,6.0,1.0,3.0,1615.0,0.0,38.0,12.0,2.0,0.0,9.0,3.0,5.0,8.0,1.0,0.0,1.0,10.0,0.0,8.0,9.0,1.0,65.0,7.0,6.0,1.0,4.0,9.0,9.0,4.0,1.0,3.0,6.0,4.0,1.0,1.0,28.0,3.0,5.0,6.0,3.0,2.0,2.0,2.0,1.0,1.0,8.0,104.0,9.0
21 Jun,53.0,1.0,1.0,10.0,26.0,15.0,1.0,17.0,3.0,15.0,0.0,8.0,3.0,20.0,2.0,19.0,0.0,5.0,1.0,7.0,0.0,3.0,12.0,11.0,4.0,3.0,1.0,132.0,1.0,3.0,3.0,0.0,0.0,87.0,2.0,3.0,2.0,3.0,6.0,1.0,33.0,72.0,2.0,16.0,1.0,4.0,10.0,20.0,2.0,9.0,1.0,10.0,9.0,0.0,21.0,1.0,11.0,5.0,1.0,2.0,4.0,11.0,23.0,18.0,43.0,14.0,5.0,59.0,1.0,3.0,1.0,60.0,6.0,1.0,2.0,20.0,1.0,20.0,7.0,455.0,3.0,4.0,15.0,8.0,1.0,2.0,0.0,6.0,6.0,0.0,3.0,1.0,3.0,26.0,3.0,3.0,4.0,0.0,0.0,31.0,18.0,208.0,1.0,1.0,3.0,25.0,1.0,39.0,1.0,4.0,2.0,1.0,7.0,26.0,182.0,3.0,5.0,2.0,20.0,2.0,15.0,6.0,1.0,3.0,1662.0,0.0,38.0,12.0,2.0,0.0,9.0,3.0,5.0,8.0,3.0,0.0,1.0,10.0,0.0,8.0,9.0,1.0,66.0,7.0,6.0,2.0,4.0,10.0,9.0,4.0,1.0,3.0,6.0,4.0,1.0,1.0,28.0,3.0,5.0,6.0,3.0,2.0,2.0,2.0,1.0,1.0,8.0,104.0,9.0
22 Jun,53.0,1.0,1.0,11.0,26.0,15.0,1.0,17.0,3.0,15.0,0.0,8.0,3.0,20.0,2.0,19.0,0.0,5.0,1.0,7.0,0.0,3.0,12.0,11.0,4.0,3.0,1.0,132.0,1.0,3.0,3.0,0.0,1.0,89.0,2.0,3.0,2.0,3.0,6.0,1.0,33.0,73.0,2.0,16.0,1.0,4.0,11.0,20.0,2.0,9.0,1.0,10.0,9.0,0.0,21.0,1.0,11.0,5.0,1.0,2.0,4.0,11.0,25.0,18.0,43.0,15.0,5.0,60.0,1.0,3.0,1.0,60.0,6.0,1.0,2.0,21.0,1.0,20.0,7.0,457.0,3.0,4.0,15.0,8.0,1.0,2.0,0.0,6.0,6.0,0.0,3.0,1.0,3.0,27.0,3.0,3.0,4.0,0.0,0.0,31.0,19.0,208.0,1.0,1.0,3.0,26.0,1.0,39.0,1.0,4.0,2.0,1.0,7.0,26.0,183.0,3.0,5.0,2.0,21.0,2.0,15.0,6.0,1.0,3.0,1662.0,0.0,38.0,12.0,2.0,0.0,9.0,3.0,5.0,8.0,3.0,0.0,1.0,10.0,0.0,8.0,9.0,1.0,66.0,7.0,6.0,2.0,4.0,10.0,9.0,4.0,1.0,3.0,6.0,4.0,1.0,1.0,28.0,3.0,5.0,6.0,3.0,2.0,2.0,2.0,1.0,1.0,8.0,105.0,9.0
23 Jun,53.0,1.0,1.0,11.0,26.0,16.0,1.0,17.0,3.0,15.0,0.0,8.0,3.0,20.0,2.0,19.0,0.0,5.0,1.0,9.0,0.0,4.0,12.0,11.0,4.0,3.0,1.0,133.0,1.0,4.0,3.0,0.0,1.0,89.0,2.0,3.0,2.0,3.0,6.0,1.0,33.0,81.0,2.0,18.0,1.0,4.0,11.0,20.0,2.0,9.0,1.0,11.0,9.0,0.0,22.0,1.0,11.0,7.0,1.0,3.0,4.0,11.0,26.0,18.0,43.0,16.0,6.0,60.0,1.0,3.0,1.0,61.0,6.0,1.0,3.0,21.0,1.0,20.0,7.0,474.0,3.0,4.0,15.0,8.0,1.0,2.0,0.0,6.0,6.0,0.0,3.0,1.0,3.0,27.0,3.0,3.0,4.0,0.0,0.0,31.0,19.0,211.0,1.0,1.0,3.0,26.0,1.0,41.0,1.0,4.0,2.0,1.0,9.0,26.0,187.0,3.0,5.0,2.0,22.0,2.0,16.0,6.0,1.0,3.0,1685.0,0.0,38.0,13.0,2.0,0.0,9.0,4.0,5.0,8.0,3.0,0.0,1.0,13.0,0.0,8.0,9.0,1.0,67.0,7.0,7.0,2.0,4.0,11.0,9.0,4.0,1.0,3.0,6.0,4.0,1.0,1.0,28.0,3.0,5.0,6.0,3.0,2.0,2.0,2.0,1.0,1.0,8.0,105.0,9.0
24 Jun,55.0,2.0,1.0,11.0,26.0,16.0,1.0,17.0,3.0,15.0,0.0,8.0,3.0,21.0,2.0,20.0,0.0,6.0,1.0,10.0,0.0,4.0,12.0,11.0,4.0,3.0,1.0,133.0,1.0,4.0,3.0,0.0,1.0,89.0,2.0,3.0,2.0,3.0,6.0,1.0,33.0,94.0,2.0,18.0,1.0,4.0,11.0,21.0,2.0,9.0,1.0,11.0,9.0,0.0,22.0,1.0,11.0,7.0,1.0,3.0,4.0,11.0,28.0,18.0,43.0,16.0,6.0,60.0,1.0,3.0,1.0,61.0,6.0,1.0,3.0,23.0,1.0,21.0,8.0,484.0,3.0,4.0,15.0,8.0,1.0,2.0,0.0,6.0,6.0,0.0,3.0,1.0,3.0,27.0,3.0,3.0,4.0,0.0,0.0,31.0,19.0,211.0,1.0,1.0,3.0,26.0,1.0,41.0,1.0,4.0,2.0,1.0,9.0,27.0,191.0,3.0,5.0,2.0,22.0,2.0,17.0,6.0,1.0,3.0,1719.0,0.0,38.0,13.0,2.0,0.0,9.0,4.0,5.0,8.0,3.0,0.0,1.0,13.0,0.0,8.0,9.0,1.0,67.0,7.0,7.0,2.0,4.0,14.0,9.0,4.0,1.0,3.0,7.0,4.0,1.0,1.0,30.0,3.0,5.0,7.0,3.0,2.0,2.0,2.0,1.0,1.0,8.0,105.0,10.0
25 Jun,55.0,2.0,1.0,11.0,26.0,16.0,1.0,17.0,3.0,15.0,0.0,8.0,3.0,21.0,2.0,21.0,0.0,6.0,1.0,11.0,0.0,4.0,12.0,11.0,4.0,3.0,1.0,133.0,1.0,5.0,3.0,0.0,1.0,90.0,2.0,3.0,2.0,3.0,6.0,1.0,33.0,100.0,2.0,18.0,1.0,4.0,11.0,21.0,2.0,9.0,1.0,11.0,9.0,0.0,22.0,1.0,11.0,7.0,1.0,3.0,4.0,11.0,28.0,18.0,43.0,16.0,7.0,62.0,1.0,3.0,1.0,61.0,6.0,1.0,3.0,23.0,1.0,21.0,8.0,498.0,3.0,4.0,15.0,8.0,1.0,2.0,0.0,6.0,6.0,0.0,3.0,1.0,5.0,27.0,3.0,3.0,4.0,0.0,0.0,31.0,19.0,212.0,2.0,1.0,3.0,26.0,1.0,41.0,1.0,4.0,2.0,1.0,9.0,27.0,195.0,3.0,6.0,2.0,23.0,2.0,17.0,6.0,1.0,3.0,1743.0,0.0,38.0,13.0,2.0,0.0,9.0,4.0,5.0,8.0,3.0,0.0,1.0,13.0,0.0,9.0,9.0,1.0,67.0,7.0,7.0,2.0,4.0,14.0,9.0,4.0,1.0,3.0,7.0,4.0,1.0,1.0,30.0,3.0,5.0,8.0,3.0,2.0,2.0,2.0,1.0,1.0,8.0,105.0,10.0
26 Jun,55.0,2.0,1.0,11.0,26.0,16.0,1.0,17.0,3.0,15.0,0.0,8.0,3.0,21.0,2.0,21.0,0.0,6.0,1.0,11.0,1.0,4.0,12.0,11.0,5.0,3.0,1.0,146.0,1.0,5.0,3.0,0.0,1.0,95.0,2.0,3.0,3.0,3.0,6.0,1.0,35.0,107.0,2.0,19.0,1.0,4.0,11.0,21.0,2.0,9.0,1.0,11.0,9.0,0.0,26.0,1.0,11.0,7.0,1.0,3.0,4.0,11.0,28.0,18.0,44.0,16.0,7.0,63.0,1.0,3.0,1.0,61.0,8.0,1.0,3.0,24.0,1.0,21.0,8.0,522.0,3.0,4.0,15.0,8.0,1.0,2.0,0.0,6.0,6.0,0.0,3.0,1.0,5.0,27.0,3.0,3.0,4.0,0.0,0.0,33.0,19.0,218.0,2.0,1.0,3.0,27.0,1.0,42.0,1.0,4.0,2.0,1.0,9.0,27.0,197.0,3.0,6.0,2.0,24.0,2.0,17.0,6.0,1.0,3.0,1781.0,0.0,38.0,13.0,2.0,0.0,9.0,4.0,5.0,9.0,4.0,0.0,1.0,13.0,0.0,9.0,9.0,1.0,67.0,7.0,7.0,2.0,4.0,15.0,9.0,4.0,1.0,3.0,9.0,4.0,1.0,1.0,30.0,3.0,5.0,8.0,3.0,2.0,2.0,2.0,1.0,1.0,8.0,107.0,11.0
27 Jun,55.0,3.0,1.0,13.0,26.0,16.0,1.0,17.0,3.0,15.0,0.0,8.0,4.0,21.0,2.0,21.0,0.0,6.0,1.0,12.0,1.0,4.0,12.0,11.0,5.0,3.0,1.0,161.0,1.0,5.0,3.0,0.0,1.0,96.0,2.0,3.0,3.0,3.0,6.0,1.0,35.0,111.0,2.0,21.0,1.0,4.0,11.0,21.0,2.0,9.0,1.0,11.0,9.0,0.0,31.0,1.0,12.0,7.0,1.0,3.0,4.0,13.0,28.0,18.0,44.0,16.0,7.0,63.0,1.0,3.0,1.0,64.0,8.0,1.0,3.0,24.0,1.0,21.0,8.0,535.0,4.0,4.0,15.0,8.0,1.0,2.0,1.0,6.0,6.0,0.0,4.0,1.0,5.0,27.0,3.0,3.0,4.0,0.0,0.0,33.0,19.0,222.0,2.0,1.0,3.0,28.0,1.0,44.0,1.0,4.0,2.0,1.0,9.0,27.0,198.0,3.0,10.0,2.0,25.0,2.0,17.0,7.0,1.0,3.0,1803.0,0.0,39.0,15.0,2.0,0.0,9.0,4.0,5.0,9.0,4.0,0.0,1.0,13.0,0.0,9.0,9.0,1.0,67.0,7.0,7.0,2.0,4.0,16.0,9.0,4.0,1.0,3.0,9.0,4.0,1.0,1.0,30.0,4.0,5.0,8.0,3.0,2.0,2.0,2.0,1.0,1.0,8.0,108.0,11.0
28 Jun,55.0,4.0,1.0,13.0,26.0,16.0,1.0,17.0,3.0,15.0,0.0,8.0,5.0,21.0,2.0,21.0,0.0,6.0,1.0,12.0,1.0,4.0,12.0,11.0,5.0,3.0,1.0,161.0,1.0,5.0,3.0,0.0,1.0,96.0,2.0,3.0,3.0,3.0,6.0,1.0,36.0,117.0,2.0,21.0,1.0,5.0,11.0,22.0,2.0,9.0,1.0,11.0,9.0,0.0,31.0,1.0,13.0,7.0,1.0,3.0,4.0,13.0,28.0,18.0,44.0,16.0,7.0,63.0,2.0,3.0,1.0,66.0,9.0,1.0,3.0,24.0,1.0,21.0,8.0,545.0,4.0,4.0,16.0,9.0,1.0,2.0,1.0,6.0,7.0,0.0,4.0,1.0,5.0,28.0,3.0,3.0,4.0,0.0,0.0,33.0,19.0,222.0,2.0,1.0,3.0,29.0,1.0,48.0,1.0,4.0,2.0,1.0,10.0,28.0,198.0,3.0,10.0,2.0,25.0,2.0,17.0,7.0,1.0,3.0,1807.0,1.0,39.0,15.0,2.0,0.0,9.0,4.0,5.0,9.0,4.0,0.0,1.0,13.0,0.0,9.0,9.0,1.0,67.0,7.0,7.0,2.0,4.0,16.0,9.0,4.0,1.0,3.0,9.0,4.0,1.0,1.0,30.0,4.0,6.0,8.0,3.0,2.0,2.0,2.0,1.0,1.0,8.0,108.0,11.0
29 Jun,55.0,4.0,1.0,13.0,26.0,16.0,1.0,17.0,3.0,15.0,0.0,8.0,5.0,21.0,2.0,21.0,0.0,7.0,1.0,12.0,1.0,5.0,12.0,11.0,5.0,3.0,1.0,161.0,1.0,6.0,3.0,0.0,1.0,97.0,2.0,3.0,3.0,3.0,6.0,1.0,36.0,117.0,2.0,21.0,1.0,5.0,11.0,22.0,2.0,9.0,1.0,11.0,9.0,0.0,31.0,1.0,13.0,7.0,1.0,3.0,4.0,13.0,28.0,18.0,44.0,16.0,7.0,63.0,2.0,3.0,1.0,66.0,9.0,1.0,3.0,24.0,1.0,22.0,8.0,557.0,4.0,4.0,16.0,9.0,1.0,2.0,2.0,6.0,7.0,0.0,4.0,1.0,5.0,28.0,3.0,3.0,4.0,0.0,0.0,33.0,19.0,223.0,2.0,1.0,3.0,29.0,1.0,48.0,1.0,4.0,2.0,1.0,10.0,28.0,199.0,3.0,10.0,2.0,25.0,2.0,17.0,7.0,1.0,3.0,1816.0,1.0,39.0,15.0,2.0,0.0,9.0,4.0,5.0,9.0,4.0,0.0,1.0,13.0,0.0,9.0,10.0,1.0,67.0,7.0,7.0,2.0,4.0,16.0,10.0,4.0,1.0,3.0,9.0,4.0,1.0,1.0,30.0,4.0,6.0,8.0,3.0,2.0,2.0,2.0,1.0,1.0,8.0,108.0,11.0
30 Jun,55.0,4.0,1.0,13.0,26.0,16.0,1.0,17.0,3.0,15.0,0.0,8.0,5.0,22.0,2.0,21.0,0.0,7.0,1.0,12.0,2.0,5.0,12.0,12.0,6.0,3.0,1.0,161.0,1.0,7.0,3.0,1.0,1.0,97.0,2.0,3.0,4.0,3.0,6.0,1.0,38.0,118.0,2.0,21.0,1.0,5.0,11.0,22.0,2.0,9.0,1.0,11.0,9.0,0.0,31.0,1.0,13.0,7.0,1.0,3.0,5.0,13.0,29.0,18.0,44.0,17.0,7.0,64.0,2.0,3.0,1.0,66.0,9.0,1.0,3.0,24.0,1.0,22.0,8.0,567.0,4.0,4.0,16.0,9.0,1.0,2.0,2.0,6.0,7.0,1.0,4.0,1.0,5.0,30.0,3.0,3.0,4.0,0.0,0.0,34.0,19.0,225.0,2.0,1.0,3.0,29.0,1.0,48.0,1.0,4.0,2.0,1.0,10.0,29.0,202.0,3.0,10.0,2.0,25.0,2.0,18.0,7.0,1.0,3.0,1825.0,1.0,39.0,15.0,2.0,0.0,9.0,4.0,5.0,9.0,4.0,0.0,1.0,14.0,0.0,9.0,10.0,1.0,70.0,7.0,7.0,2.0,4.0,16.0,10.0,4.0,1.0,3.0,9.0,4.0,1.0,1.0,30.0,4.0,6.0,8.0,3.0,2.0,2.0,2.0,1.0,1.0,8.0,108.0,11.0
01 Jul,55.0,4.0,1.0,13.0,26.0,16.0,1.0,17.0,3.0,15.0,0.0,8.0,5.0,22.0,6.0,21.0,0.0,7.0,1.0,12.0,2.0,5.0,12.0,12.0,8.0,3.0,1.0,161.0,1.0,8.0,3.0,1.0,1.0,97.0,3.0,3.0,4.0,3.0,6.0,1.0,38.0,127.0,2.0,21.0,1.0,5.0,11.0,22.0,2.0,9.0,1.0,11.0,9.0,1.0,31.0,1.0,14.0,7.0,1.0,3.0,5.0,13.0,29.0,18.0,44.0,17.0,7.0,64.0,2.0,6.0,1.0,67.0,9.0,1.0,3.0,24.0,1.0,22.0,8.0,574.0,4.0,4.0,16.0,9.0,1.0,2.0,2.0,8.0,7.0,1.0,4.0,1.0,6.0,31.0,3.0,3.0,4.0,0.0,0.0,34.0,19.0,226.0,2.0,1.0,3.0,30.0,1.0,49.0,1.0,4.0,2.0,1.0,10.0,29.0,202.0,3.0,10.0,2.0,25.0,2.0,19.0,7.0,1.0,3.0,1851.0,1.0,39.0,15.0,2.0,0.0,9.0,4.0,5.0,9.0,4.0,0.0,1.0,16.0,0.0,9.0,10.0,1.0,70.0,7.0,7.0,2.0,4.0,16.0,10.0,4.0,1.0,3.0,9.0,4.0,1.0,1.0,30.0,4.0,6.0,8.0,3.0,2.0,2.0,2.0,1.0,1.0,8.0,108.0,11.0
02 Jul,55.0,4.0,1.0,13.0,27.0,16.0,1.0,17.0,3.0,16.0,0.0,8.0,5.0,23.0,6.0,22.0,0.0,8.0,1.0,12.0,2.0,5.0,12.0,13.0,8.0,3.0,1.0,164.0,2.0,8.0,3.0,1.0,1.0,97.0,3.0,3.0,4.0,3.0,6.0,1.0,38.0,128.0,2.0,21.0,1.0,5.0,11.0,22.0,2.0,9.0,1.0,12.0,9.0,1.0,31.0,1.0,14.0,7.0,1.0,3.0,6.0,13.0,29.0,19.0,44.0,17.0,7.0,64.0,2.0,6.0,1.0,70.0,9.0,1.0,3.0,24.0,1.0,24.0,8.0,586.0,4.0,4.0,16.0,9.0,1.0,2.0,3.0,8.0,7.0,1.0,4.0,1.0,6.0,31.0,3.0,3.0,4.0,0.0,1.0,34.0,19.0,229.0,2.0,1.0,3.0,32.0,1.0,51.0,1.0,4.0,2.0,1.0,10.0,29.0,202.0,3.0,12.0,2.0,26.0,2.0,19.0,7.0,1.0,3.0,1872.0,1.0,39.0,15.0,2.0,0.0,9.0,4.0,6.0,10.0,4.0,0.0,1.0,17.0,0.0,10.0,11.0,1.0,73.0,7.0,8.0,2.0,4.0,16.0,10.0,4.0,1.0,3.0,9.0,4.0,1.0,1.0,30.0,4.0,6.0,8.0,3.0,2.0,2.0,2.0,1.0,1.0,8.0,108.0,12.0
03 Jul,59.0,4.0,1.0,14.0,28.0,17.0,1.0,17.0,4.0,17.0,0.0,8.0,5.0,23.0,6.0,23.0,0.0,11.0,1.0,14.0,2.0,6.0,13.0,15.0,9.0,3.0,1.0,164.0,2.0,8.0,4.0,1.0,1.0,97.0,3.0,3.0,4.0,3.0,6.0,1.0,39.0,139.0,2.0,22.0,1.0,5.0,11.0,23.0,2.0,9.0,1.0,12.0,9.0,1.0,31.0,1.0,14.0,7.0,1.0,3.0,6.0,13.0,30.0,20.0,45.0,19.0,7.0,65.0,2.0,6.0,1.0,73.0,10.0,1.0,3.0,25.0,1.0,24.0,8.0,599.0,4.0,5.0,16.0,9.0,1.0,2.0,3.0,8.0,8.0,1.0,4.0,1.0,7.0,32.0,3.0,3.0,4.0,0.0,1.0,34.0,19.0,231.0,3.0,1.0,3.0,36.0,1.0,52.0,1.0,4.0,2.0,1.0,10.0,29.0,204.0,3.0,13.0,2.0,26.0,2.0,20.0,8.0,1.0,3.0,1883.0,2.0,39.0,17.0,2.0,0.0,9.0,4.0,6.0,13.0,4.0,0.0,1.0,17.0,0.0,10.0,11.0,1.0,73.0,7.0,9.0,2.0,4.0,17.0,10.0,4.0,1.0,3.0,9.0,4.0,1.0,1.0,31.0,4.0,6.0,8.0,3.0,2.0,2.0,2.0,1.0,1.0,8.0,110.0,12.0
04 Jul,60.0,4.0,1.0,14.0,30.0,17.0,1.0,17.0,4.0,17.0,0.0,8.0,5.0,23.0,6.0,24.0,0.0,11.0,1.0,15.0,3.0,9.0,13.0,15.0,9.0,3.0,1.0,164.0,2.0,8.0,4.0,1.0,1.0,97.0,3.0,3.0,4.0,3.0,6.0,1.0,39.0,147.0,2.0,22.0,1.0,6.0,11.0,23.0,2.0,9.0,1.0,12.0,9.0,1.0,31.0,1.0,14.0,7.0,1.0,3.0,7.0,13.0,31.0,20.0,45.0,19.0,7.0,65.0,2.0,6.0,1.0,76.0,10.0,1.0,3.0,26.0,1.0,24.0,8.0,605.0,4.0,5.0,16.0,9.0,1.0,2.0,3.0,8.0,8.0,1.0,4.0,1.0,7.0,33.0,3.0,3.0,4.0,0.0,1.0,35.0,19.0,231.0,3.0,1.0,3.0,37.0,1.0,53.0,1.0,4.0,2.0,1.0,10.0,29.0,204.0,3.0,13.0,2.0,27.0,2.0,21.0,8.0,1.0,3.0,1892.0,2.0,39.0,17.0,2.0,0.0,9.0,4.0,6.0,13.0,5.0,0.0,1.0,17.0,1.0,10.0,11.0,1.0,74.0,8.0,9.0,2.0,4.0,17.0,10.0,4.0,1.0,3.0,9.0,4.0,1.0,1.0,31.0,4.0,6.0,8.0,3.0,2.0,2.0,2.0,1.0,1.0,8.0,110.0,13.0
05 Jul,60.0,4.0,1.0,15.0,30.0,17.0,1.0,17.0,4.0,17.0,0.0,8.0,5.0,23.0,6.0,24.0,0.0,11.0,1.0,16.0,3.0,9.0,13.0,15.0,10.0,3.0,1.0,164.0,2.0,8.0,4.0,1.0,1.0,97.0,3.0,3.0,4.0,3.0,6.0,1.0,39.0,149.0,2.0,22.0,1.0,6.0,11.0,23.0,2.0,9.0,1.0,13.0,10.0,1.0,31.0,2.0,14.0,7.0,1.0,3.0,7.0,13.0,31.0,20.0,45.0,19.0,7.0,66.0,2.0,6.0,1.0,76.0,10.0,1.0,3.0,26.0,1.0,24.0,10.0,608.0,4.0,5.0,16.0,9.0,1.0,2.0,3.0,9.0,8.0,1.0,4.0,1.0,7.0,33.0,3.0,3.0,4.0,0.0,1.0,35.0,19.0,231.0,3.0,1.0,3.0,38.0,1.0,53.0,1.0,4.0,2.0,1.0,11.0,30.0,204.0,3.0,13.0,2.0,27.0,2.0,21.0,8.0,1.0,3.0,1897.0,2.0,39.0,17.0,2.0,0.0,10.0,4.0,6.0,13.0,5.0,0.0,1.0,17.0,1.0,10.0,11.0,1.0,74.0,8.0,9.0,2.0,4.0,17.0,10.0,4.0,1.0,3.0,9.0,4.0,1.0,1.0,31.0,4.0,6.0,8.0,3.0,2.0,2.0,2.0,1.0,2.0,8.0,111.0,13.0
06 Jul,61.0,4.0,1.0,15.0,30.0,17.0,1.0,17.0,4.0,17.0,0.0,8.0,5.0,23.0,7.0,24.0,0.0,11.0,1.0,16.0,3.0,10.0,13.0,15.0,10.0,3.0,2.0,164.0,2.0,8.0,4.0,1.0,1.0,97.0,3.0,3.0,4.0,3.0,6.0,1.0,39.0,151.0,2.0,23.0,1.0,6.0,11.0,23.0,2.0,9.0,1.0,13.0,10.0,1.0,31.0,2.0,14.0,7.0,1.0,3.0,7.0,13.0,31.0,20.0,45.0,19.0,7.0,67.0,2.0,6.0,1.0,76.0,10.0,1.0,3.0,26.0,1.0,24.0,10.0,609.0,5.0,5.0,16.0,9.0,1.0,2.0,3.0,9.0,8.0,1.0,4.0,1.0,7.0,33.0,4.0,3.0,4.0,0.0,1.0,35.0,19.0,233.0,4.0,1.0,3.0,38.0,1.0,54.0,1.0,4.0,2.0,1.0,11.0,30.0,205.0,3.0,13.0,2.0,29.0,2.0,21.0,8.0,1.0,3.0,1897.0,2.0,39.0,17.0,2.0,0.0,10.0,4.0,6.0,14.0,5.0,0.0,1.0,17.0,1.0,10.0,11.0,1.0,74.0,8.0,9.0,3.0,4.0,17.0,10.0,4.0,1.0,4.0,9.0,4.0,1.0,1.0,31.0,4.0,6.0,8.0,3.0,2.0,2.0,2.0,1.0,2.0,8.0,111.0,13.0
07 Jul,63.0,4.0,1.0,16.0,30.0,17.0,1.0,17.0,4.0,17.0,0.0,8.0,6.0,23.0,7.0,24.0,0.0,12.0,1.0,18.0,3.0,11.0,13.0,15.0,10.0,3.0,2.0,166.0,2.0,10.0,4.0,1.0,1.0,99.0,3.0,3.0,5.0,3.0,6.0,1.0,40.0,154.0,3.0,24.0,1.0,6.0,11.0,23.0,2.0,10.0,2.0,13.0,10.0,1.0,31.0,2.0,14.0,7.0,1.0,3.0,7.0,13.0,36.0,20.0,45.0,20.0,7.0,67.0,2.0,6.0,1.0,77.0,10.0,1.0,3.0,26.0,1.0,25.0,10.0,611.0,5.0,5.0,17.0,9.0,2.0,2.0,3.0,9.0,8.0,1.0,4.0,1.0,7.0,33.0,4.0,3.0,4.0,0.0,1.0,35.0,19.0,234.0,4.0,1.0,3.0,38.0,1.0,54.0,1.0,4.0,2.0,1.0,12.0,30.0,205.0,3.0,13.0,2.0,29.0,2.0,21.0,8.0,1.0,3.0,1924.0,2.0,39.0,17.0,2.0,0.0,10.0,4.0,6.0,14.0,5.0,0.0,1.0,17.0,1.0,10.0,11.0,1.0,76.0,9.0,9.0,3.0,4.0,17.0,10.0,4.0,1.0,4.0,9.0,4.0,1.0,1.0,32.0,4.0,6.0,9.0,3.0,2.0,2.0,2.0,1.0,2.0,8.0,112.0,13.0
08 Jul,65.0,4.0,1.0,18.0,31.0,17.0,1.0,17.0,4.0,17.0,0.0,8.0,7.0,23.0,7.0,26.0,0.0,15.0,1.0,19.0,3.0,11.0,13.0,16.0,10.0,3.0,2.0,169.0,2.0,10.0,4.0,1.0,1.0,105.0,3.0,3.0,5.0,3.0,6.0,1.0,41.0,158.0,3.0,24.0,1.0,6.0,11.0,23.0,2.0,10.0,2.0,13.0,10.0,1.0,34.0,2.0,14.0,7.0,1.0,3.0,7.0,14.0,36.0,20.0,46.0,28.0,7.0,69.0,3.0,6.0,1.0,80.0,10.0,1.0,3.0,26.0,1.0,26.0,10.0,618.0,5.0,5.0,17.0,10.0,2.0,2.0,3.0,9.0,8.0,1.0,4.0,1.0,7.0,33.0,4.0,3.0,4.0,0.0,1.0,35.0,19.0,244.0,4.0,1.0,3.0,38.0,1.0,54.0,1.0,5.0,2.0,1.0,13.0,30.0,210.0,3.0,13.0,2.0,30.0,2.0,21.0,8.0,1.0,3.0,1927.0,2.0,40.0,17.0,2.0,0.0,10.0,4.0,6.0,14.0,5.0,0.0,1.0,17.0,1.0,10.0,12.0,1.0,79.0,9.0,10.0,3.0,4.0,17.0,10.0,4.0,1.0,4.0,9.0,4.0,1.0,1.0,33.0,4.0,6.0,9.0,4.0,2.0,2.0,2.0,1.0,2.0,8.0,116.0,13.0
09 Jul,65.0,4.0,1.0,18.0,31.0,17.0,1.0,18.0,4.0,17.0,1.0,8.0,7.0,23.0,8.0,26.0,0.0,16.0,1.0,19.0,3.0,11.0,14.0,16.0,10.0,3.0,3.0,171.0,2.0,10.0,4.0,1.0,1.0,110.0,3.0,3.0,6.0,3.0,6.0,1.0,41.0,163.0,3.0,25.0,1.0,6.0,11.0,23.0,2.0,10.0,2.0,14.0,10.0,1.0,35.0,2.0,14.0,7.0,1.0,3.0,7.0,14.0,36.0,20.0,46.0,28.0,7.0,70.0,3.0,6.0,1.0,80.0,10.0,1.0,3.0,26.0,1.0,26.0,10.0,629.0,5.0,5.0,17.0,10.0,2.0,2.0,5.0,9.0,8.0,1.0,4.0,1.0,7.0,33.0,4.0,3.0,4.0,0.0,1.0,35.0,19.0,254.0,4.0,1.0,3.0,38.0,1.0,54.0,1.0,8.0,2.0,1.0,13.0,30.0,215.0,3.0,13.0,2.0,33.0,2.0,21.0,10.0,1.0,3.0,1946.0,2.0,40.0,18.0,2.0,0.0,10.0,4.0,7.0,17.0,5.0,0.0,1.0,17.0,3.0,10.0,12.0,1.0,80.0,9.0,10.0,3.0,4.0,17.0,11.0,4.0,1.0,4.0,9.0,4.0,1.0,1.0,33.0,4.0,6.0,9.0,4.0,2.0,2.0,2.0,1.0,2.0,8.0,116.0,13.0
10 Jul,65.0,4.0,1.0,18.0,32.0,17.0,1.0,20.0,4.0,18.0,1.0,8.0,7.0,23.0,8.0,27.0,0.0,17.0,1.0,21.0,3.0,11.0,14.0,16.0,12.0,3.0,3.0,173.0,2.0,10.0,4.0,1.0,1.0,113.0,3.0,3.0,6.0,3.0,6.0,1.0,42.0,172.0,3.0,26.0,1.0,7.0,11.0,23.0,2.0,10.0,2.0,15.0,10.0,1.0,35.0,2.0,14.0,7.0,1.0,3.0,7.0,14.0,36.0,20.0,47.0,30.0,7.0,72.0,3.0,6.0,1.0,80.0,10.0,1.0,3.0,27.0,1.0,26.0,10.0,635.0,5.0,5.0,18.0,10.0,2.0,2.0,5.0,9.0,8.0,1.0,4.0,1.0,9.0,33.0,4.0,3.0,4.0,0.0,1.0,35.0,19.0,259.0,4.0,1.0,4.0,38.0,1.0,54.0,1.0,8.0,2.0,1.0,13.0,30.0,217.0,3.0,15.0,2.0,33.0,2.0,22.0,11.0,2.0,3.0,1954.0,2.0,40.0,19.0,2.0,0.0,10.0,6.0,7.0,18.0,5.0,0.0,1.0,17.0,3.0,10.0,12.0,1.0,82.0,9.0,11.0,3.0,4.0,17.0,12.0,4.0,1.0,4.0,9.0,4.0,1.0,1.0,34.0,4.0,6.0,9.0,4.0,2.0,2.0,2.0,1.0,2.0,8.0,117.0,13.0
11 Jul,65.0,4.0,1.0,18.0,32.0,17.0,1.0,20.0,4.0,18.0,1.0,10.0,7.0,23.0,8.0,35.0,0.0,17.0,1.0,21.0,3.0,11.0,14.0,16.0,12.0,3.0,3.0,177.0,2.0,11.0,4.0,1.0,1.0,116.0,3.0,3.0,6.0,3.0,6.0,1.0,42.0,175.0,3.0,27.0,1.0,7.0,12.0,24.0,2.0,10.0,2.0,15.0,10.0,1.0,35.0,2.0,14.0,7.0,1.0,3.0,7.0,14.0,36.0,20.0,48.0,30.0,7.0,73.0,3.0,7.0,1.0,81.0,10.0,1.0,3.0,27.0,1.0,27.0,10.0,642.0,5.0,5.0,18.0,10.0,2.0,3.0,5.0,9.0,8.0,1.0,4.0,1.0,9.0,34.0,4.0,4.0,4.0,0.0,1.0,35.0,19.0,266.0,4.0,1.0,5.0,39.0,1.0,54.0,1.0,8.0,2.0,1.0,13.0,31.0,219.0,3.0,15.0,2.0,36.0,2.0,22.0,11.0,2.0,3.0,1966.0,2.0,40.0,19.0,2.0,0.0,10.0,6.0,7.0,18.0,5.0,1.0,1.0,18.0,3.0,10.0,12.0,1.0,84.0,9.0,11.0,3.0,4.0,17.0,12.0,4.0,1.0,4.0,11.0,4.0,1.0,1.0,34.0,5.0,6.0,9.0,4.0,2.0,2.0,2.0,1.0,2.0,8.0,118.0,13.0
12 Jul,65.0,4.0,1.0,18.0,33.0,17.0,1.0,20.0,4.0,18.0,1.0,10.0,7.0,24.0,8.0,35.0,0.0,17.0,1.0,22.0,3.0,11.0,14.0,16.0,12.0,3.0,3.0,180.0,2.0,11.0,4.0,1.0,1.0,118.0,3.0,3.0,7.0,3.0,6.0,1.0,42.0,176.0,3.0,27.0,1.0,7.0,12.0,24.0,2.0,10.0,2.0,15.0,10.0,1.0,35.0,2.0,14.0,7.0,1.0,3.0,7.0,14.0,37.0,20.0,48.0,30.0,7.0,74.0,3.0,7.0,1.0,81.0,10.0,1.0,3.0,27.0,1.0,27.0,10.0,650.0,5.0,5.0,18.0,10.0,2.0,3.0,5.0,9.0,8.0,1.0,4.0,1.0,10.0,34.0,5.0,4.0,5.0,0.0,1.0,35.0,19.0,270.0,4.0,1.0,6.0,39.0,1.0,54.0,1.0,8.0,2.0,1.0,13.0,31.0,222.0,3.0,15.0,2.0,38.0,2.0,22.0,11.0,2.0,3.0,1968.0,2.0,40.0,19.0,2.0,0.0,10.0,6.0,7.0,19.0,5.0,1.0,1.0,18.0,3.0,10.0,12.0,1.0,84.0,10.0,11.0,3.0,4.0,17.0,12.0,4.0,1.0,4.0,11.0,4.0,1.0,1.0,34.0,5.0,6.0,9.0,4.0,2.0,2.0,2.0,1.0,2.0,8.0,120.0,13.0
13 Jul,66.0,4.0,1.0,21.0,34.0,17.0,1.0,21.0,4.0,18.0,1.0,10.0,8.0,24.0,8.0,36.0,0.0,17.0,1.0,23.0,3.0,11.0,14.0,17.0,12.0,3.0,3.0,183.0,2.0,11.0,4.0,1.0,1.0,122.0,3.0,3.0,7.0,3.0,6.0,1.0,42.0,177.0,3.0,27.0,1.0,7.0,12.0,24.0,2.0,10.0,2.0,15.0,10.0,1.0,35.0,2.0,14.0,7.0,1.0,3.0,7.0,14.0,37.0,20.0,48.0,31.0,7.0,76.0,3.0,7.0,1.0,81.0,11.0,1.0,3.0,27.0,1.0,27.0,10.0,659.0,5.0,5.0,18.0,10.0,2.0,3.0,5.0,9.0,8.0,1.0,4.0,1.0,10.0,34.0,6.0,4.0,5.0,0.0,1.0,35.0,19.0,276.0,4.0,1.0,6.0,39.0,1.0,54.0,1.0,8.0,2.0,1.0,13.0,33.0,226.0,3.0,15.0,2.0,38.0,2.0,22.0,11.0,2.0,3.0,1974.0,2.0,40.0,19.0,2.0,0.0,10.0,6.0,7.0,22.0,5.0,1.0,1.0,18.0,3.0,10.0,12.0,1.0,86.0,10.0,11.0,3.0,4.0,17.0,13.0,4.0,1.0,4.0,11.0,4.0,1.0,1.0,34.0,6.0,6.0,9.0,4.0,2.0,2.0,2.0,1.0,2.0,8.0,120.0,13.0
14 Jul,66.0,4.0,1.0,21.0,35.0,17.0,2.0,22.0,5.0,18.0,1.0,11.0,8.0,24.0,8.0,36.0,0.0,17.0,1.0,26.0,3.0,11.0,14.0,19.0,13.0,3.0,3.0,187.0,2.0,11.0,4.0,1.0,1.0,125.0,3.0,3.0,7.0,3.0,6.0,1.0,42.0,180.0,3.0,27.0,1.0,7.0,12.0,24.0,2.0,10.0,3.0,15.0,10.0,1.0,37.0,3.0,14.0,7.0,1.0,3.0,7.0,14.0,37.0,20.0,48.0,33.0,7.0,78.0,3.0,7.0,1.0,81.0,12.0,1.0,3.0,27.0,1.0,27.0,10.0,661.0,5.0,5.0,18.0,10.0,2.0,3.0,5.0,9.0,8.0,1.0,4.0,1.0,10.0,34.0,6.0,4.0,5.0,0.0,1.0,35.0,19.0,282.0,4.0,1.0,6.0,40.0,1.0,55.0,1.0,8.0,2.0,1.0,13.0,33.0,228.0,3.0,15.0,2.0,39.0,2.0,22.0,11.0,3.0,3.0,1985.0,2.0,40.0,19.0,2.0,0.0,10.0,6.0,7.0,25.0,5.0,1.0,1.0,18.0,3.0,13.0,12.0,1.0,87.0,10.0,11.0,4.0,4.0,17.0,13.0,4.0,1.0,4.0,11.0,4.0,1.0,1.0,34.0,6.0,6.0,9.0,4.0,2.0,2.0,2.0,1.0,2.0,8.0,120.0,13.0
15 Jul,67.0,4.0,1.0,21.0,35.0,17.0,2.0,23.0,5.0,18.0,1.0,11.0,8.0,24.0,8.0,37.0,0.0,17.0,1.0,26.0,4.0,11.0,15.0,19.0,13.0,3.0,3.0,187.0,2.0,11.0,4.0,1.0,1.0,129.0,3.0,3.0,7.0,3.0,6.0,1.0,42.0,183.0,3.0,27.0,1.0,7.0,12.0,24.0,2.0,10.0,3.0,15.0,10.0,1.0,39.0,3.0,15.0,7.0,2.0,3.0,8.0,14.0,37.0,20.0,49.0,33.0,7.0,79.0,3.0,7.0,1.0,82.0,12.0,1.0,3.0,27.0,2.0,27.0,10.0,663.0,5.0,5.0,18.0,10.0,2.0,3.0,5.0,10.0,8.0,1.0,4.0,1.0,10.0,36.0,6.0,4.0,5.0,0.0,1.0,35.0,19.0,289.0,5.0,1.0,6.0,40.0,1.0,55.0,1.0,8.0,3.0,1.0,13.0,33.0,233.0,3.0,15.0,3.0,40.0,2.0,22.0,11.0,3.0,3.0,1997.0,2.0,40.0,19.0,2.0,0.0,10.0,6.0,7.0,25.0,5.0,1.0,1.0,18.0,5.0,13.0,12.0,1.0,88.0,10.0,11.0,4.0,4.0,17.0,13.0,4.0,1.0,4.0,11.0,4.0,1.0,1.0,34.0,6.0,6.0,9.0,4.0,2.0,2.0,2.0,1.0,2.0,8.0,120.0,13.0
16 Jul,69.0,4.0,1.0,22.0,36.0,17.0,2.0,23.0,5.0,18.0,1.0,11.0,8.0,24.0,8.0,37.0,0.0,17.0,1.0,26.0,4.0,11.0,17.0,19.0,13.0,3.0,3.0,189.0,2.0,11.0,4.0,1.0,1.0,130.0,3.0,3.0,7.0,3.0,6.0,1.0,43.0,185.0,3.0,27.0,2.0,8.0,13.0,24.0,2.0,10.0,3.0,15.0,10.0,1.0,39.0,3.0,15.0,7.0,2.0,3.0,8.0,14.0,37.0,20.0,49.0,33.0,7.0,79.0,3.0,7.0,1.0,84.0,12.0,1.0,3.0,27.0,2.0,27.0,10.0,665.0,5.0,5.0,18.0,10.0,2.0,3.0,5.0,10.0,8.0,1.0,4.0,1.0,10.0,36.0,6.0,4.0,5.0,0.0,1.0,36.0,20.0,298.0,5.0,1.0,6.0,40.0,1.0,55.0,1.0,8.0,3.0,1.0,13.0,33.0,235.0,3.0,15.0,3.0,42.0,2.0,22.0,11.0,3.0,3.0,2020.0,2.0,41.0,19.0,2.0,0.0,10.0,6.0,7.0,25.0,5.0,1.0,1.0,19.0,6.0,13.0,12.0,1.0,89.0,10.0,11.0,4.0,4.0,17.0,13.0,5.0,1.0,4.0,12.0,4.0,1.0,1.0,34.0,6.0,6.0,9.0,4.0,2.0,2.0,2.0,1.0,2.0,8.0,120.0,13.0
17 Jul,69.0,4.0,1.0,22.0,36.0,17.0,2.0,23.0,5.0,18.0,1.0,11.0,8.0,24.0,8.0,37.0,0.0,18.0,1.0,26.0,4.0,11.0,17.0,19.0,13.0,3.0,3.0,189.0,2.0,11.0,4.0,1.0,1.0,130.0,3.0,3.0,7.0,3.0,6.0,1.0,43.0,188.0,3.0,27.0,2.0,8.0,13.0,24.0,2.0,10.0,3.0,15.0,10.0,1.0,39.0,3.0,16.0,7.0,2.0,3.0,8.0,14.0,38.0,22.0,50.0,34.0,7.0,80.0,3.0,7.0,1.0,84.0,12.0,1.0,3.0,27.0,2.0,27.0,11.0,667.0,5.0,5.0,18.0,10.0,2.0,3.0,5.0,10.0,8.0,2.0,4.0,1.0,10.0,36.0,6.0,4.0,5.0,0.0,1.0,36.0,20.0,304.0,5.0,1.0,6.0,40.0,1.0,55.0,1.0,8.0,3.0,1.0,14.0,34.0,235.0,3.0,15.0,3.0,43.0,2.0,22.0,11.0,3.0,3.0,2024.0,2.0,41.0,19.0,2.0,0.0,11.0,6.0,7.0,26.0,5.0,1.0,1.0,19.0,6.0,13.0,12.0,1.0,90.0,11.0,11.0,4.0,5.0,17.0,14.0,5.0,1.0,4.0,12.0,4.0,1.0,1.0,34.0,6.0,6.0,9.0,4.0,2.0,2.0,2.0,1.0,2.0,8.0,120.0,13.0
18 Jul,70.0,4.0,1.0,22.0,36.0,18.0,2.0,23.0,5.0,19.0,1.0,11.0,8.0,25.0,8.0,37.0,0.0,18.0,1.0,26.0,4.0,11.0,18.0,19.0,13.0,3.0,4.0,191.0,2.0,12.0,4.0,1.0,1.0,132.0,3.0,3.0,7.0,3.0,6.0,1.0,43.0,188.0,3.0,27.0,2.0,8.0,13.0,24.0,2.0,10.0,3.0,15.0,10.0,1.0,39.0,3.0,16.0,7.0,2.0,3.0,8.0,14.0,39.0,22.0,51.0,34.0,7.0,82.0,3.0,7.0,1.0,85.0,13.0,1.0,3.0,27.0,2.0,27.0,11.0,672.0,5.0,5.0,18.0,10.0,2.0,4.0,5.0,10.0,8.0,3.0,4.0,1.0,11.0,36.0,6.0,4.0,5.0,0.0,1.0,36.0,21.0,311.0,5.0,1.0,6.0,41.0,1.0,55.0,1.0,8.0,3.0,1.0,15.0,34.0,238.0,3.0,16.0,3.0,44.0,2.0,22.0,11.0,3.0,3.0,2032.0,2.0,41.0,19.0,2.0,0.0,11.0,6.0,7.0,27.0,5.0,1.0,2.0,19.0,6.0,13.0,13.0,1.0,94.0,11.0,14.0,4.0,5.0,17.0,14.0,5.0,1.0,5.0,12.0,4.0,1.0,1.0,34.0,6.0,6.0,9.0,4.0,2.0,2.0,2.0,1.0,2.0,8.0,120.0,13.0
19 Jul,73.0,4.0,1.0,23.0,37.0,18.0,2.0,23.0,5.0,21.0,1.0,11.0,8.0,25.0,9.0,37.0,0.0,20.0,1.0,26.0,4.0,11.0,18.0,20.0,13.0,3.0,4.0,194.0,2.0,12.0,5.0,1.0,1.0,135.0,3.0,3.0,8.0,3.0,6.0,1.0,43.0,191.0,3.0,28.0,2.0,8.0,13.0,24.0,2.0,10.0,3.0,15.0,10.0,1.0,39.0,3.0,16.0,7.0,2.0,3.0,8.0,14.0,39.0,22.0,53.0,35.0,7.0,83.0,3.0,7.0,1.0,85.0,13.0,1.0,3.0,28.0,2.0,27.0,11.0,676.0,5.0,5.0,18.0,10.0,2.0,4.0,5.0,10.0,8.0,3.0,4.0,1.0,13.0,36.0,6.0,4.0,5.0,0.0,1.0,36.0,21.0,317.0,5.0,1.0,6.0,41.0,1.0,55.0,1.0,8.0,3.0,1.0,15.0,34.0,244.0,3.0,16.0,3.0,44.0,2.0,22.0,11.0,3.0,3.0,2035.0,2.0,41.0,19.0,2.0,0.0,11.0,6.0,7.0,27.0,6.0,1.0,2.0,19.0,6.0,13.0,14.0,1.0,95.0,11.0,14.0,4.0,5.0,17.0,16.0,5.0,2.0,5.0,12.0,4.0,1.0,1.0,34.0,6.0,6.0,9.0,4.0,2.0,2.0,2.0,1.0,2.0,8.0,121.0,13.0
20 Jul,75.0,4.0,1.0,23.0,37.0,18.0,2.0,24.0,5.0,21.0,1.0,11.0,8.0,25.0,9.0,37.0,0.0,21.0,1.0,26.0,5.0,11.0,19.0,20.0,13.0,3.0,4.0,196.0,2.0,12.0,5.0,1.0,1.0,136.0,3.0,3.0,9.0,3.0,6.0,1.0,44.0,194.0,3.0,28.0,2.0,8.0,13.0,24.0,2.0,10.0,3.0,15.0,10.0,1.0,39.0,3.0,16.0,8.0,2.0,3.0,8.0,14.0,39.0,23.0,53.0,36.0,7.0,83.0,3.0,7.0,1.0,86.0,13.0,1.0,4.0,28.0,2.0,27.0,11.0,680.0,5.0,5.0,18.0,10.0,2.0,4.0,5.0,10.0,8.0,3.0,4.0,2.0,13.0,38.0,6.0,4.0,5.0,0.0,1.0,36.0,21.0,329.0,5.0,1.0,6.0,42.0,1.0,56.0,1.0,8.0,3.0,1.0,15.0,34.0,248.0,3.0,16.0,3.0,47.0,3.0,22.0,11.0,3.0,3.0,2036.0,2.0,41.0,19.0,2.0,0.0,11.0,6.0,7.0,27.0,6.0,1.0,2.0,20.0,6.0,13.0,14.0,1.0,96.0,11.0,14.0,4.0,5.0,17.0,16.0,5.0,2.0,6.0,12.0,4.0,1.0,1.0,34.0,6.0,6.0,9.0,4.0,2.0,2.0,2.0,1.0,2.0,8.0,121.0,13.0
21 Jul,75.0,5.0,1.0,23.0,37.0,18.0,2.0,24.0,5.0,21.0,1.0,11.0,8.0,25.0,9.0,37.0,0.0,21.0,1.0,27.0,5.0,11.0,19.0,20.0,13.0,3.0,4.0,197.0,2.0,13.0,5.0,1.0,1.0,138.0,3.0,3.0,9.0,3.0,6.0,1.0,44.0,203.0,3.0,28.0,2.0,8.0,13.0,24.0,2.0,10.0,4.0,16.0,10.0,1.0,39.0,3.0,16.0,8.0,2.0,3.0,8.0,14.0,40.0,23.0,53.0,36.0,7.0,83.0,3.0,7.0,1.0,88.0,13.0,1.0,4.0,28.0,2.0,27.0,11.0,684.0,6.0,5.0,18.0,11.0,2.0,4.0,5.0,10.0,8.0,3.0,4.0,2.0,13.0,38.0,6.0,4.0,5.0,0.0,1.0,36.0,21.0,334.0,5.0,1.0,6.0,44.0,1.0,56.0,1.0,9.0,4.0,1.0,15.0,35.0,253.0,3.0,16.0,3.0,47.0,3.0,22.0,11.0,3.0,3.0,2040.0,2.0,41.0,19.0,2.0,0.0,11.0,6.0,7.0,29.0,7.0,1.0,2.0,20.0,6.0,13.0,14.0,1.0,97.0,11.0,15.0,4.0,5.0,17.0,16.0,5.0,2.0,6.0,12.0,4.0,1.0,1.0,34.0,7.0,6.0,9.0,4.0,2.0,2.0,2.0,1.0,2.0,8.0,122.0,13.0
22 Jul,76.0,5.0,1.0,23.0,37.0,18.0,2.0,24.0,5.0,21.0,1.0,11.0,8.0,25.0,9.0,37.0,0.0,21.0,1.0,28.0,5.0,12.0,20.0,20.0,13.0,3.0,4.0,197.0,2.0,14.0,5.0,1.0,1.0,138.0,4.0,3.0,9.0,3.0,6.0,1.0,44.0,206.0,3.0,28.0,2.0,8.0,13.0,24.0,2.0,11.0,4.0,16.0,10.0,1.0,39.0,3.0,16.0,8.0,2.0,3.0,8.0,14.0,41.0,23.0,53.0,38.0,7.0,83.0,3.0,8.0,1.0,88.0,13.0,1.0,4.0,28.0,2.0,27.0,11.0,692.0,6.0,5.0,18.0,11.0,2.0,5.0,5.0,10.0,8.0,3.0,4.0,3.0,14.0,40.0,6.0,4.0,5.0,0.0,1.0,36.0,21.0,336.0,5.0,1.0,6.0,44.0,1.0,56.0,1.0,11.0,4.0,1.0,15.0,37.0,255.0,3.0,17.0,3.0,49.0,3.0,22.0,11.0,4.0,3.0,2056.0,2.0,41.0,19.0,2.0,0.0,11.0,7.0,7.0,32.0,7.0,1.0,2.0,21.0,6.0,13.0,14.0,1.0,98.0,11.0,15.0,4.0,5.0,17.0,17.0,5.0,2.0,6.0,12.0,5.0,1.0,1.0,34.0,7.0,6.0,9.0,4.0,2.0,2.0,2.0,1.0,2.0,8.0,123.0,13.0
23 Jul,77.0,5.0,1.0,23.0,37.0,18.0,2.0,25.0,5.0,22.0,1.0,11.0,10.0,25.0,9.0,37.0,1.0,21.0,1.0,29.0,5.0,12.0,21.0,20.0,13.0,3.0,4.0,197.0,2.0,14.0,5.0,1.0,1.0,139.0,4.0,4.0,9.0,3.0,6.0,1.0,44.0,208.0,3.0,28.0,2.0,8.0,13.0,24.0,2.0,11.0,4.0,17.0,11.0,1.0,39.0,3.0,16.0,8.0,2.0,3.0,8.0,14.0,42.0,23.0,53.0,38.0,7.0,83.0,3.0,8.0,1.0,88.0,13.0,1.0,4.0,28.0,2.0,28.0,11.0,697.0,6.0,5.0,18.0,12.0,2.0,5.0,7.0,10.0,8.0,3.0,4.0,4.0,14.0,40.0,6.0,4.0,5.0,1.0,1.0,36.0,22.0,341.0,5.0,1.0,6.0,46.0,1.0,62.0,1.0,11.0,5.0,2.0,15.0,37.0,260.0,3.0,18.0,3.0,49.0,3.0,22.0,11.0,4.0,3.0,2062.0,2.0,41.0,19.0,2.0,0.0,11.0,7.0,7.0,32.0,7.0,2.0,2.0,22.0,6.0,13.0,14.0,1.0,98.0,11.0,16.0,4.0,5.0,17.0,18.0,5.0,2.0,6.0,12.0,5.0,1.0,1.0,34.0,7.0,6.0,9.0,4.0,2.0,2.0,2.0,1.0,2.0,8.0,124.0,13.0
24 Jul,77.0,5.0,1.0,23.0,37.0,18.0,2.0,25.0,5.0,22.0,1.0,11.0,10.0,25.0,9.0,37.0,1.0,21.0,1.0,29.0,5.0,12.0,21.0,21.0,13.0,3.0,4.0,197.0,2.0,14.0,5.0,1.0,1.0,140.0,4.0,4.0,9.0,3.0,6.0,1.0,44.0,209.0,3.0,29.0,2.0,8.0,13.0,24.0,2.0,11.0,4.0,17.0,11.0,1.0,39.0,3.0,16.0,8.0,2.0,3.0,8.0,14.0,43.0,23.0,53.0,38.0,7.0,84.0,3.0,8.0,1.0,88.0,13.0,1.0,4.0,28.0,2.0,28.0,11.0,699.0,6.0,5.0,18.0,12.0,2.0,5.0,7.0,10.0,8.0,3.0,4.0,4.0,14.0,40.0,6.0,4.0,5.0,1.0,1.0,36.0,22.0,342.0,5.0,1.0,6.0,46.0,1.0,62.0,1.0,11.0,5.0,2.0,16.0,37.0,260.0,3.0,19.0,3.0,51.0,3.0,22.0,11.0,4.0,3.0,2069.0,2.0,41.0,19.0,2.0,1.0,11.0,7.0,7.0,34.0,7.0,2.0,2.0,24.0,6.0,13.0,14.0,1.0,98.0,11.0,16.0,4.0,5.0,18.0,18.0,5.0,2.0,6.0,12.0,5.0,1.0,1.0,34.0,7.0,6.0,9.0,4.0,2.0,2.0,2.0,1.0,2.0,8.0,125.0,13.0
