Data,ABREU E LIMA,AFOGADOS DA INGAZEIRA,AFRANIO,AGRESTINA,AGUA PRETA,AGUAS BELAS,ALAGOINHA,ALIANCA,ALTINHO,AMARAJI,ARACOIABA,ARARIPINA,ARCOVERDE,BARRA DE GUABIRABA,BARREIROS,BELO JARDIM,BETANIA,BEZERROS,BODOCO,BOM CONSELHO,BOM JARDIM,BONITO,BREJO DA MADRE DE DEUS,BUENOS AIRES,CABO DE SANTO AGOSTINHO,CABROBO,CACHOEIRINHA,CAETES,CAMARAGIBE,CAMOCIM DE SAO FELIX,CAMUTANGA,CANHOTINHO,CAPOEIRAS,CARNAIBA,CARNAUBEIRA DA PENHA,CARPINA,CARUARU,CASINHAS,CATENDE,CHA DE ALEGRIA,CHA GRANDE,CONDADO,CORRENTES,CORTES,CUMARU,CUPIRA,CUSTODIA,ESCADA,FEIRA NOVA,FERNANDO DE NORONHA,FERREIROS,FLORESTA,FREI MIGUELINHO,GAMELEIRA,GARANHUNS,GLORIA DO GOITA,GOIANA,GRAVATA,IBIMIRIM,IGARASSU,IGNORADO,IGUARACI,ILHA DE ITAMARACA,INAJA,IPOJUCA,IPUBI,ITAIBA,ITAMBE,ITAPETIM,ITAPISSUMA,ITAQUITINGA,JABOATAO DOS GUARARAPES,JAQUEIRA,JATAUBA,JATOBA,JOAO ALFREDO,JOAQUIM NABUCO,JUCATI,JUPI,JUREMA,LAGOA DO CARRO,LAGOA DO ITAENGA,LAGOA DOS GATOS,LAGOA GRANDE,LAJEDO,LIMOEIRO,MACAPARANA,MACHADOS,MARAIAL,MORENO,NAZARE DA MATA,OLINDA,OROBO,OROCO,OURICURI,OUTRO ESTADO,OUTRO PAIS,PALMARES,PANELAS,PARANATAMA,PARNAMIRIM,PASSIRA,PAUDALHO,PAULISTA,PEDRA,PESQUEIRA,PETROLANDIA,PETROLINA,POCAO,POMBOS,PRIMAVERA,QUIPAPA,QUIXABA,RECIFE,RIACHO DAS ALMAS,RIBEIRAO,RIO FORMOSO,SAIRE,SALGUEIRO,SALOA,SANHARO,SANTA CRUZ,SANTA CRUZ DA BAIXA VERDE,SANTA CRUZ DO CAPIBARIBE,SANTA MARIA DO CAMBUCA,SAO BENTO DO UNA,SAO CAITANO,SAO JOAO,SAO JOAQUIM DO MONTE,SAO JOSE DA COROA GRANDE,SAO JOSE DO BELMONTE,SAO JOSE DO EGITO,SAO LOURENCO DA MATA,SAO VICENTE FERRER,SERRA TALHADA,SERRITA,SERTANIA,SIRINHAEM,SURUBIM,TABIRA,TAMANDARE,TAQUARITINGA DO NORTE,TEREZINHA,TERRA NOVA,TIMBAUBA,TORITAMA,TRACUNHAEM,TRINDADE,TRIUNFO,TUPANATINGA,TUPARETAMA,VENTUROSA,VERTENTE DO LERIO,VERTENTES,VICENCIA,VITORIA DE SANTO ANTAO,XEXEU
12 Mar,0.0,0.0,0.0,0.0,0.0,0.0,0.0,0.0,0.0,0.0,0.0,0.0,0.0,0.0,0.0,0.0,0.0,0.0,0.0,0.0,0.0,0.0,0.0,0.0,0.0,0.0,0.0,0.0,0.0,0.0,0.0,0.0,0.0,0.0,0.0,0.0,0.0,0.0,0.0,0.0,0.0,0.0,0.0,0.0,0.0,0.0,0.0,0.0,0.0,0.0,0.0,0.0,0.0,0.0,0.0,0.0,0.0,0.0,0.0,0.0,0.0,0.0,0.0,0.0,0.0,0.0,0.0,0.0,0.0,0.0,0.0,0.0,0.0,0.0,0.0,0.0,0.0,0.0,0.0,0.0,0.0,0.0,0.0,0.0,0.0,0.0,0.0,0.0,0.0,0.0,0.0,0.0,0.0,0.0,0.0,0.0,0.0,0.0,0.0,0.0,0.0,0.0,0.0,0.0,0.0,0.0,0.0,0.0,0.0,0.0,0.0,0.0,0.0,2.0,0.0,0.0,0.0,0.0,0.0,0.0,0.0,0.0,0.0,0.0,0.0,0.0,0.0,0.0,0.0,0.0,0.0,0.0,0.0,0.0,0.0,0.0,0.0,0.0,0.0,0.0,0.0,0.0,0.0,0.0,0.0,0.0,0.0,0.0,0.0,0.0,0.0,0.0,0.0,0.0,0.0,0.0,0.0
13 Mar,0.0,0.0,0.0,0.0,0.0,0.0,0.0,0.0,0.0,0.0,0.0,0.0,0.0,0.0,0.0,0.0,0.0,0.0,0.0,0.0,0.0,0.0,0.0,0.0,0.0,0.0,0.0,0.0,0.0,0.0,0.0,0.0,0.0,0.0,0.0,0.0,0.0,0.0,0.0,0.0,0.0,0.0,0.0,0.0,0.0,0.0,0.0,0.0,0.0,0.0,0.0,0.0,0.0,0.0,0.0,0.0,0.0,0.0,0.0,0.0,0.0,0.0,0.0,0.0,0.0,0.0,0.0,0.0,0.0,0.0,0.0,0.0,0.0,0.0,0.0,0.0,0.0,0.0,0.0,0.0,0.0,0.0,0.0,0.0,0.0,0.0,0.0,0.0,0.0,0.0,0.0,0.0,0.0,0.0,0.0,0.0,0.0,0.0,0.0,0.0,0.0,0.0,0.0,0.0,0.0,0.0,0.0,0.0,0.0,0.0,0.0,0.0,0.0,2.0,0.0,0.0,0.0,0.0,0.0,0.0,0.0,0.0,0.0,0.0,0.0,0.0,0.0,0.0,0.0,0.0,0.0,0.0,0.0,0.0,0.0,0.0,0.0,0.0,0.0,0.0,0.0,0.0,0.0,0.0,0.0,0.0,0.0,0.0,0.0,0.0,0.0,0.0,0.0,0.0,0.0,0.0,0.0
14 Mar,0.0,0.0,0.0,0.0,0.0,0.0,0.0,0.0,0.0,0.0,0.0,0.0,0.0,0.0,0.0,0.0,0.0,0.0,0.0,0.0,0.0,0.0,0.0,0.0,0.0,0.0,0.0,0.0,0.0,0.0,0.0,0.0,0.0,0.0,0.0,0.0,0.0,0.0,0.0,0.0,0.0,0.0,0.0,0.0,0.0,0.0,0.0,0.0,0.0,0.0,0.0,0.0,0.0,0.0,0.0,0.0,0.0,0.0,0.0,0.0,0.0,0.0,0.0,0.0,0.0,0.0,0.0,0.0,0.0,0.0,0.0,0.0,0.0,0.0,0.0,0.0,0.0,0.0,0.0,0.0,0.0,0.0,0.0,0.0,0.0,0.0,0.0,0.0,0.0,0.0,0.0,0.0,0.0,0.0,0.0,0.0,1.0,0.0,0.0,0.0,0.0,0.0,0.0,0.0,0.0,0.0,0.0,0.0,0.0,0.0,0.0,0.0,0.0,6.0,0.0,0.0,0.0,0.0,0.0,0.0,0.0,0.0,0.0,0.0,0.0,0.0,0.0,0.0,0.0,0.0,0.0,0.0,0.0,0.0,0.0,0.0,0.0,0.0,0.0,0.0,0.0,0.0,0.0,0.0,0.0,0.0,0.0,0.0,0.0,0.0,0.0,0.0,0.0,0.0,0.0,0.0,0.0
15 Mar,0.0,0.0,0.0,0.0,0.0,0.0,0.0,0.0,0.0,0.0,0.0,0.0,0.0,0.0,0.0,0.0,0.0,0.0,0.0,0.0,0.0,0.0,0.0,0.0,0.0,0.0,0.0,0.0,0.0,0.0,0.0,0.0,0.0,0.0,0.0,0.0,0.0,0.0,0.0,0.0,0.0,0.0,0.0,0.0,0.0,0.0,0.0,0.0,0.0,0.0,0.0,0.0,0.0,0.0,0.0,0.0,0.0,0.0,0.0,0.0,0.0,0.0,0.0,0.0,0.0,0.0,0.0,0.0,0.0,0.0,0.0,0.0,0.0,0.0,0.0,0.0,0.0,0.0,0.0,0.0,0.0,0.0,0.0,0.0,0.0,0.0,0.0,0.0,0.0,0.0,0.0,0.0,0.0,0.0,0.0,0.0,1.0,0.0,0.0,0.0,0.0,0.0,0.0,0.0,0.0,0.0,0.0,0.0,0.0,0.0,0.0,0.0,0.0,7.0,0.0,0.0,0.0,0.0,0.0,0.0,0.0,0.0,0.0,0.0,0.0,0.0,0.0,0.0,0.0,0.0,0.0,0.0,0.0,0.0,0.0,0.0,0.0,0.0,0.0,0.0,0.0,0.0,0.0,0.0,0.0,0.0,0.0,0.0,0.0,0.0,0.0,0.0,0.0,0.0,0.0,0.0,0.0
16 Mar,0.0,0.0,0.0,0.0,0.0,0.0,0.0,0.0,0.0,0.0,0.0,0.0,0.0,0.0,0.0,1.0,0.0,0.0,0.0,0.0,0.0,0.0,0.0,0.0,0.0,0.0,0.0,0.0,0.0,0.0,0.0,0.0,0.0,0.0,0.0,0.0,0.0,0.0,0.0,0.0,0.0,0.0,0.0,0.0,0.0,0.0,0.0,0.0,0.0,0.0,0.0,0.0,0.0,0.0,0.0,0.0,0.0,0.0,0.0,0.0,0.0,0.0,0.0,0.0,0.0,0.0,0.0,0.0,0.0,0.0,0.0,1.0,0.0,0.0,0.0,0.0,0.0,0.0,0.0,0.0,0.0,0.0,0.0,0.0,0.0,0.0,0.0,0.0,0.0,0.0,0.0,0.0,0.0,0.0,0.0,0.0,3.0,0.0,0.0,0.0,0.0,0.0,0.0,0.0,0.0,0.0,0.0,0.0,0.0,0.0,0.0,0.0,0.0,13.0,0.0,0.0,0.0,0.0,0.0,0.0,0.0,0.0,0.0,0.0,0.0,0.0,0.0,0.0,0.0,0.0,0.0,0.0,0.0,0.0,0.0,0.0,0.0,0.0,0.0,0.0,0.0,0.0,0.0,0.0,0.0,0.0,0.0,0.0,0.0,0.0,0.0,0.0,0.0,0.0,0.0,0.0,0.0
17 Mar,0.0,0.0,0.0,0.0,0.0,0.0,0.0,0.0,0.0,0.0,0.0,0.0,0.0,0.0,0.0,1.0,0.0,0.0,0.0,0.0,0.0,0.0,0.0,0.0,0.0,0.0,0.0,0.0,0.0,0.0,0.0,0.0,0.0,0.0,0.0,0.0,0.0,0.0,0.0,0.0,0.0,0.0,0.0,0.0,0.0,0.0,0.0,0.0,0.0,0.0,0.0,0.0,0.0,0.0,0.0,0.0,0.0,0.0,0.0,0.0,0.0,0.0,0.0,0.0,0.0,0.0,0.0,0.0,0.0,0.0,0.0,1.0,0.0,0.0,0.0,0.0,0.0,0.0,0.0,0.0,0.0,0.0,0.0,0.0,0.0,0.0,0.0,0.0,0.0,0.0,0.0,0.0,0.0,0.0,0.0,0.0,3.0,0.0,0.0,0.0,0.0,0.0,0.0,0.0,0.0,0.0,0.0,0.0,0.0,0.0,0.0,0.0,0.0,14.0,0.0,0.0,0.0,0.0,0.0,0.0,0.0,0.0,0.0,0.0,0.0,0.0,0.0,0.0,0.0,0.0,0.0,0.0,0.0,0.0,0.0,0.0,0.0,0.0,0.0,0.0,0.0,0.0,0.0,0.0,0.0,0.0,0.0,0.0,0.0,0.0,0.0,0.0,0.0,0.0,0.0,0.0,0.0
18 Mar,0.0,0.0,0.0,0.0,0.0,0.0,0.0,0.0,0.0,0.0,0.0,0.0,0.0,0.0,0.0,1.0,0.0,0.0,0.0,0.0,0.0,0.0,0.0,0.0,0.0,0.0,0.0,0.0,0.0,0.0,0.0,0.0,0.0,0.0,0.0,0.0,0.0,0.0,0.0,0.0,0.0,0.0,0.0,0.0,0.0,0.0,0.0,0.0,0.0,0.0,0.0,0.0,0.0,0.0,0.0,0.0,0.0,0.0,0.0,0.0,0.0,0.0,0.0,0.0,0.0,0.0,0.0,0.0,0.0,0.0,0.0,1.0,0.0,0.0,0.0,0.0,0.0,0.0,0.0,0.0,0.0,0.0,0.0,0.0,0.0,0.0,0.0,0.0,0.0,0.0,0.0,0.0,0.0,0.0,0.0,0.0,3.0,0.0,0.0,0.0,0.0,0.0,0.0,0.0,0.0,0.0,0.0,0.0,0.0,0.0,0.0,0.0,0.0,17.0,0.0,0.0,0.0,0.0,0.0,0.0,0.0,0.0,0.0,0.0,0.0,0.0,0.0,0.0,0.0,0.0,0.0,0.0,0.0,0.0,0.0,0.0,0.0,0.0,0.0,0.0,0.0,0.0,0.0,0.0,0.0,0.0,0.0,0.0,0.0,0.0,0.0,0.0,0.0,0.0,0.0,0.0,0.0
19 Mar,0.0,0.0,0.0,0.0,0.0,0.0,0.0,0.0,0.0,0.0,0.0,0.0,0.0,0.0,0.0,1.0,0.0,0.0,0.0,0.0,0.0,0.0,0.0,0.0,0.0,0.0,0.0,0.0,0.0,0.0,0.0,0.0,0.0,0.0,0.0,0.0,0.0,0.0,0.0,0.0,0.0,0.0,0.0,0.0,0.0,0.0,0.0,0.0,0.0,0.0,0.0,0.0,0.0,0.0,0.0,0.0,0.0,0.0,0.0,0.0,0.0,0.0,0.0,0.0,0.0,0.0,0.0,0.0,0.0,0.0,0.0,1.0,0.0,0.0,0.0,0.0,0.0,0.0,0.0,0.0,0.0,0.0,0.0,0.0,0.0,0.0,0.0,0.0,0.0,0.0,0.0,0.0,0.0,0.0,0.0,0.0,3.0,0.0,0.0,0.0,0.0,0.0,0.0,0.0,0.0,0.0,0.0,0.0,0.0,0.0,0.0,0.0,0.0,23.0,0.0,0.0,0.0,0.0,0.0,0.0,0.0,0.0,0.0,0.0,0.0,0.0,0.0,0.0,0.0,0.0,0.0,0.0,0.0,0.0,0.0,0.0,0.0,0.0,0.0,0.0,0.0,0.0,0.0,0.0,0.0,0.0,0.0,0.0,0.0,0.0,0.0,0.0,0.0,0.0,0.0,0.0,0.0
20 Mar,0.0,0.0,0.0,0.0,0.0,0.0,0.0,0.0,0.0,0.0,0.0,0.0,0.0,0.0,0.0,1.0,0.0,0.0,0.0,0.0,0.0,0.0,0.0,0.0,0.0,0.0,0.0,0.0,0.0,0.0,0.0,0.0,0.0,0.0,0.0,0.0,0.0,0.0,0.0,0.0,0.0,0.0,0.0,0.0,0.0,0.0,0.0,0.0,0.0,0.0,0.0,0.0,0.0,0.0,0.0,0.0,0.0,0.0,0.0,0.0,0.0,0.0,0.0,0.0,0.0,0.0,0.0,0.0,0.0,0.0,0.0,3.0,0.0,0.0,0.0,0.0,0.0,0.0,0.0,0.0,0.0,0.0,0.0,0.0,0.0,0.0,0.0,0.0,0.0,0.0,0.0,0.0,0.0,0.0,0.0,0.0,3.0,0.0,0.0,0.0,0.0,0.0,0.0,0.0,0.0,0.0,0.0,0.0,0.0,0.0,0.0,0.0,0.0,24.0,0.0,0.0,0.0,0.0,0.0,0.0,0.0,0.0,0.0,0.0,0.0,0.0,0.0,0.0,0.0,0.0,0.0,0.0,0.0,0.0,0.0,0.0,0.0,0.0,0.0,0.0,0.0,0.0,0.0,0.0,0.0,0.0,0.0,0.0,0.0,0.0,0.0,0.0,0.0,0.0,0.0,0.0,0.0
21 Mar,0.0,0.0,0.0,0.0,0.0,0.0,0.0,0.0,0.0,0.0,0.0,0.0,0.0,0.0,0.0,1.0,0.0,0.0,0.0,0.0,0.0,0.0,0.0,0.0,0.0,0.0,0.0,0.0,0.0,0.0,0.0,0.0,0.0,0.0,0.0,0.0,0.0,0.0,0.0,0.0,0.0,0.0,0.0,0.0,0.0,0.0,0.0,0.0,0.0,0.0,0.0,0.0,0.0,0.0,0.0,0.0,0.0,0.0,0.0,0.0,0.0,0.0,0.0,0.0,0.0,0.0,0.0,0.0,0.0,0.0,0.0,3.0,0.0,0.0,0.0,0.0,0.0,0.0,0.0,0.0,0.0,0.0,0.0,0.0,0.0,0.0,0.0,0.0,0.0,0.0,0.0,0.0,0.0,0.0,0.0,0.0,3.0,0.0,0.0,0.0,0.0,0.0,0.0,0.0,0.0,0.0,0.0,0.0,0.0,0.0,0.0,0.0,0.0,26.0,0.0,0.0,0.0,0.0,0.0,0.0,0.0,0.0,0.0,0.0,0.0,0.0,0.0,0.0,0.0,0.0,0.0,0.0,0.0,0.0,0.0,0.0,0.0,0.0,0.0,0.0,0.0,0.0,0.0,0.0,0.0,0.0,0.0,0.0,0.0,0.0,0.0,0.0,0.0,0.0,0.0,0.0,0.0
22 Mar,0.0,0.0,0.0,0.0,0.0,0.0,0.0,0.0,0.0,0.0,0.0,0.0,0.0,0.0,0.0,1.0,0.0,0.0,0.0,0.0,0.0,0.0,0.0,0.0,0.0,0.0,0.0,0.0,0.0,0.0,0.0,0.0,0.0,0.0,0.0,0.0,0.0,0.0,0.0,0.0,0.0,0.0,0.0,0.0,0.0,0.0,0.0,0.0,0.0,0.0,0.0,0.0,0.0,0.0,0.0,0.0,0.0,0.0,0.0,0.0,0.0,0.0,0.0,0.0,0.0,0.0,0.0,0.0,0.0,0.0,0.0,3.0,0.0,0.0,0.0,0.0,0.0,0.0,0.0,0.0,0.0,0.0,0.0,0.0,0.0,0.0,0.0,0.0,0.0,0.0,0.0,1.0,0.0,0.0,0.0,0.0,3.0,0.0,0.0,0.0,0.0,0.0,0.0,0.0,0.0,0.0,0.0,0.0,0.0,0.0,0.0,0.0,0.0,29.0,0.0,0.0,0.0,0.0,0.0,0.0,0.0,0.0,0.0,0.0,0.0,0.0,0.0,0.0,0.0,0.0,0.0,0.0,0.0,0.0,0.0,0.0,0.0,0.0,0.0,0.0,0.0,0.0,0.0,0.0,0.0,0.0,0.0,0.0,0.0,0.0,0.0,0.0,0.0,0.0,0.0,0.0,0.0
23 Mar,0.0,0.0,0.0,0.0,0.0,0.0,0.0,0.0,0.0,0.0,0.0,0.0,0.0,0.0,0.0,1.0,0.0,0.0,0.0,0.0,0.0,0.0,0.0,0.0,0.0,0.0,0.0,0.0,0.0,0.0,0.0,0.0,0.0,0.0,0.0,0.0,1.0,0.0,0.0,0.0,0.0,0.0,0.0,0.0,0.0,0.0,0.0,0.0,0.0,0.0,0.0,0.0,0.0,0.0,0.0,0.0,0.0,0.0,0.0,0.0,0.0,0.0,0.0,0.0,0.0,0.0,0.0,0.0,0.0,0.0,0.0,3.0,0.0,0.0,0.0,0.0,0.0,0.0,0.0,0.0,0.0,0.0,0.0,0.0,0.0,0.0,0.0,0.0,0.0,0.0,0.0,2.0,0.0,0.0,0.0,1.0,3.0,0.0,0.0,0.0,0.0,0.0,0.0,0.0,0.0,0.0,0.0,1.0,0.0,0.0,0.0,0.0,0.0,30.0,0.0,0.0,0.0,0.0,0.0,0.0,0.0,0.0,0.0,0.0,0.0,0.0,0.0,0.0,0.0,0.0,0.0,0.0,0.0,0.0,0.0,0.0,0.0,0.0,0.0,0.0,0.0,0.0,0.0,0.0,0.0,0.0,0.0,0.0,0.0,0.0,0.0,0.0,0.0,0.0,0.0,0.0,0.0
24 Mar,0.0,0.0,0.0,0.0,0.0,0.0,0.0,0.0,0.0,0.0,0.0,0.0,0.0,0.0,0.0,1.0,0.0,0.0,0.0,0.0,0.0,0.0,0.0,0.0,0.0,0.0,0.0,0.0,0.0,0.0,0.0,0.0,0.0,0.0,0.0,0.0,1.0,0.0,0.0,0.0,0.0,0.0,0.0,0.0,0.0,0.0,0.0,0.0,0.0,0.0,0.0,0.0,0.0,0.0,0.0,0.0,0.0,0.0,0.0,0.0,0.0,0.0,0.0,0.0,0.0,0.0,0.0,0.0,0.0,0.0,0.0,3.0,0.0,0.0,0.0,0.0,0.0,0.0,0.0,0.0,0.0,0.0,0.0,0.0,0.0,0.0,0.0,0.0,0.0,0.0,0.0,2.0,0.0,0.0,0.0,1.0,3.0,0.0,0.0,0.0,0.0,0.0,0.0,0.0,0.0,0.0,0.0,1.0,0.0,0.0,0.0,0.0,0.0,30.0,0.0,0.0,0.0,0.0,0.0,0.0,0.0,0.0,0.0,0.0,0.0,0.0,0.0,0.0,0.0,0.0,0.0,0.0,0.0,0.0,0.0,0.0,0.0,0.0,0.0,0.0,0.0,0.0,0.0,0.0,0.0,0.0,0.0,0.0,0.0,0.0,0.0,0.0,0.0,0.0,0.0,0.0,0.0
25 Mar,0.0,0.0,0.0,0.0,0.0,0.0,0.0,0.0,0.0,0.0,0.0,0.0,0.0,0.0,0.0,1.0,0.0,0.0,0.0,0.0,0.0,0.0,0.0,0.0,0.0,0.0,0.0,0.0,0.0,0.0,0.0,0.0,0.0,0.0,0.0,0.0,1.0,0.0,0.0,0.0,0.0,0.0,0.0,0.0,0.0,0.0,0.0,0.0,0.0,0.0,0.0,0.0,0.0,0.0,0.0,0.0,0.0,0.0,0.0,0.0,0.0,0.0,0.0,0.0,0.0,0.0,0.0,0.0,0.0,0.0,0.0,3.0,0.0,0.0,0.0,0.0,0.0,0.0,0.0,0.0,0.0,0.0,0.0,0.0,0.0,0.0,0.0,0.0,0.0,0.0,0.0,2.0,0.0,0.0,0.0,1.0,3.0,0.0,0.0,0.0,0.0,0.0,0.0,0.0,0.0,0.0,0.0,1.0,0.0,0.0,0.0,0.0,0.0,30.0,0.0,0.0,0.0,0.0,0.0,0.0,0.0,0.0,0.0,0.0,0.0,0.0,0.0,0.0,0.0,0.0,0.0,0.0,0.0,0.0,0.0,0.0,0.0,0.0,0.0,0.0,0.0,0.0,0.0,0.0,0.0,0.0,0.0,0.0,0.0,0.0,0.0,0.0,0.0,0.0,0.0,0.0,0.0
26 Mar,0.0,0.0,0.0,0.0,0.0,0.0,0.0,0.0,0.0,0.0,0.0,0.0,0.0,0.0,0.0,1.0,0.0,0.0,0.0,0.0,0.0,0.0,0.0,0.0,0.0,0.0,0.0,0.0,0.0,0.0,0.0,0.0,0.0,0.0,0.0,0.0,1.0,0.0,0.0,0.0,0.0,0.0,0.0,0.0,0.0,0.0,0.0,0.0,0.0,0.0,0.0,0.0,0.0,0.0,0.0,0.0,0.0,0.0,0.0,0.0,0.0,0.0,0.0,0.0,0.0,0.0,0.0,0.0,0.0,0.0,0.0,3.0,0.0,0.0,0.0,0.0,0.0,0.0,0.0,0.0,0.0,0.0,0.0,0.0,0.0,0.0,0.0,0.0,0.0,0.0,0.0,2.0,0.0,0.0,0.0,1.0,3.0,0.0,0.0,0.0,0.0,0.0,0.0,0.0,0.0,0.0,0.0,1.0,0.0,0.0,0.0,0.0,0.0,30.0,0.0,0.0,0.0,0.0,0.0,0.0,0.0,0.0,0.0,0.0,0.0,0.0,0.0,0.0,0.0,0.0,0.0,0.0,0.0,0.0,0.0,0.0,0.0,0.0,0.0,0.0,0.0,0.0,0.0,0.0,0.0,0.0,0.0,0.0,0.0,0.0,0.0,0.0,0.0,0.0,0.0,0.0,0.0
27 Mar,0.0,0.0,0.0,0.0,0.0,0.0,0.0,0.0,0.0,0.0,0.0,0.0,0.0,0.0,0.0,1.0,0.0,0.0,0.0,0.0,0.0,0.0,0.0,0.0,0.0,0.0,0.0,0.0,1.0,0.0,0.0,0.0,0.0,0.0,0.0,0.0,1.0,0.0,0.0,0.0,0.0,0.0,0.0,0.0,0.0,0.0,0.0,0.0,0.0,1.0,0.0,0.0,0.0,0.0,0.0,0.0,1.0,0.0,0.0,0.0,0.0,0.0,0.0,0.0,0.0,0.0,0.0,0.0,0.0,0.0,0.0,4.0,0.0,0.0,0.0,0.0,0.0,0.0,0.0,0.0,0.0,0.0,0.0,0.0,0.0,0.0,0.0,0.0,0.0,0.0,0.0,3.0,0.0,0.0,0.0,2.0,3.0,0.0,0.0,0.0,0.0,0.0,0.0,0.0,0.0,0.0,0.0,2.0,0.0,0.0,0.0,0.0,0.0,38.0,0.0,0.0,0.0,0.0,0.0,0.0,0.0,0.0,0.0,0.0,0.0,0.0,0.0,0.0,0.0,0.0,0.0,0.0,0.0,0.0,0.0,0.0,0.0,0.0,0.0,0.0,0.0,0.0,0.0,0.0,0.0,0.0,0.0,0.0,0.0,0.0,0.0,0.0,0.0,0.0,0.0,0.0,0.0
28 Mar,0.0,0.0,0.0,0.0,0.0,0.0,0.0,0.0,0.0,0.0,0.0,0.0,0.0,0.0,0.0,1.0,0.0,0.0,0.0,0.0,0.0,0.0,0.0,0.0,0.0,0.0,0.0,0.0,1.0,0.0,0.0,0.0,0.0,0.0,0.0,0.0,1.0,0.0,0.0,0.0,0.0,0.0,0.0,0.0,0.0,0.0,0.0,0.0,0.0,1.0,0.0,0.0,0.0,0.0,0.0,0.0,1.0,0.0,0.0,0.0,0.0,0.0,0.0,0.0,0.0,0.0,0.0,0.0,0.0,0.0,0.0,5.0,0.0,0.0,0.0,0.0,0.0,0.0,0.0,0.0,0.0,0.0,0.0,0.0,0.0,0.0,0.0,0.0,0.0,0.0,0.0,4.0,0.0,0.0,0.0,2.0,3.0,0.0,0.0,0.0,0.0,0.0,0.0,0.0,0.0,0.0,0.0,2.0,0.0,0.0,0.0,0.0,0.0,46.0,0.0,0.0,0.0,0.0,0.0,0.0,0.0,0.0,0.0,0.0,0.0,0.0,0.0,0.0,0.0,0.0,0.0,0.0,1.0,0.0,0.0,0.0,0.0,0.0,0.0,0.0,0.0,0.0,0.0,0.0,0.0,0.0,0.0,0.0,0.0,0.0,0.0,0.0,0.0,0.0,0.0,0.0,0.0
29 Mar,0.0,0.0,0.0,0.0,0.0,0.0,0.0,0.0,0.0,0.0,0.0,0.0,0.0,0.0,0.0,1.0,0.0,0.0,0.0,0.0,0.0,0.0,0.0,0.0,0.0,0.0,0.0,0.0,1.0,0.0,0.0,0.0,0.0,0.0,0.0,0.0,1.0,0.0,0.0,0.0,0.0,0.0,0.0,0.0,0.0,0.0,0.0,0.0,0.0,1.0,0.0,0.0,0.0,0.0,0.0,0.0,1.0,0.0,0.0,0.0,0.0,0.0,0.0,0.0,0.0,0.0,0.0,0.0,0.0,0.0,0.0,6.0,0.0,0.0,0.0,0.0,0.0,0.0,0.0,0.0,0.0,0.0,0.0,0.0,0.0,0.0,0.0,0.0,0.0,0.0,0.0,4.0,0.0,0.0,0.0,2.0,3.0,0.0,0.0,0.0,0.0,0.0,0.0,0.0,0.0,0.0,0.0,2.0,0.0,0.0,0.0,0.0,0.0,50.0,0.0,0.0,0.0,0.0,0.0,0.0,0.0,0.0,0.0,0.0,0.0,0.0,0.0,0.0,0.0,0.0,0.0,0.0,1.0,0.0,0.0,0.0,0.0,0.0,0.0,0.0,0.0,0.0,0.0,0.0,0.0,0.0,0.0,0.0,0.0,0.0,0.0,0.0,0.0,0.0,0.0,0.0,0.0
30 Mar,0.0,0.0,0.0,0.0,0.0,0.0,0.0,0.0,0.0,0.0,0.0,0.0,0.0,0.0,0.0,1.0,0.0,0.0,0.0,0.0,0.0,0.0,0.0,0.0,0.0,0.0,0.0,0.0,1.0,0.0,0.0,0.0,0.0,0.0,0.0,0.0,1.0,0.0,0.0,0.0,0.0,0.0,0.0,0.0,0.0,0.0,0.0,0.0,0.0,1.0,0.0,0.0,0.0,0.0,0.0,0.0,1.0,0.0,0.0,0.0,0.0,0.0,0.0,0.0,0.0,0.0,0.0,0.0,0.0,0.0,0.0,6.0,0.0,0.0,0.0,0.0,0.0,0.0,0.0,0.0,0.0,0.0,0.0,0.0,0.0,0.0,0.0,0.0,0.0,0.0,0.0,5.0,0.0,0.0,0.0,2.0,3.0,1.0,0.0,0.0,0.0,0.0,0.0,0.0,0.0,0.0,0.0,2.0,0.0,0.0,0.0,0.0,0.0,52.0,0.0,0.0,0.0,0.0,0.0,0.0,0.0,0.0,0.0,0.0,0.0,0.0,0.0,0.0,0.0,0.0,0.0,0.0,1.0,0.0,0.0,0.0,0.0,0.0,0.0,0.0,0.0,0.0,0.0,0.0,0.0,0.0,0.0,0.0,0.0,0.0,0.0,0.0,0.0,0.0,0.0,0.0,0.0
31 Mar,0.0,0.0,0.0,0.0,0.0,0.0,0.0,0.0,0.0,0.0,0.0,0.0,0.0,0.0,0.0,1.0,0.0,0.0,0.0,0.0,0.0,0.0,0.0,0.0,0.0,0.0,0.0,0.0,2.0,0.0,0.0,0.0,0.0,0.0,0.0,0.0,1.0,0.0,0.0,0.0,0.0,0.0,0.0,0.0,0.0,0.0,0.0,0.0,0.0,2.0,0.0,0.0,0.0,0.0,0.0,0.0,1.0,0.0,0.0,0.0,0.0,0.0,0.0,0.0,0.0,1.0,0.0,0.0,0.0,0.0,0.0,6.0,0.0,0.0,0.0,0.0,0.0,0.0,0.0,0.0,0.0,0.0,0.0,0.0,0.0,0.0,0.0,0.0,0.0,0.0,0.0,5.0,0.0,0.0,0.0,2.0,3.0,1.0,0.0,0.0,0.0,0.0,0.0,0.0,0.0,0.0,0.0,2.0,0.0,0.0,0.0,0.0,0.0,57.0,0.0,0.0,0.0,0.0,0.0,0.0,0.0,0.0,0.0,0.0,0.0,0.0,0.0,0.0,0.0,0.0,0.0,0.0,3.0,0.0,0.0,0.0,0.0,0.0,0.0,0.0,0.0,0.0,0.0,0.0,0.0,0.0,0.0,0.0,0.0,0.0,0.0,0.0,0.0,0.0,0.0,0.0,0.0
01 Apr,0.0,0.0,0.0,0.0,0.0,0.0,0.0,1.0,0.0,0.0,0.0,0.0,0.0,0.0,0.0,1.0,0.0,0.0,0.0,0.0,0.0,0.0,0.0,0.0,0.0,0.0,0.0,0.0,2.0,0.0,0.0,0.0,0.0,0.0,0.0,0.0,1.0,0.0,0.0,0.0,0.0,0.0,0.0,0.0,0.0,0.0,0.0,0.0,0.0,2.0,0.0,0.0,0.0,0.0,0.0,0.0,1.0,0.0,0.0,0.0,0.0,0.0,0.0,0.0,0.0,1.0,0.0,0.0,0.0,0.0,0.0,6.0,0.0,0.0,0.0,0.0,0.0,0.0,0.0,0.0,0.0,0.0,0.0,0.0,0.0,0.0,0.0,0.0,0.0,0.0,0.0,5.0,0.0,0.0,0.0,2.0,3.0,1.0,0.0,0.0,0.0,0.0,0.0,0.0,0.0,0.0,0.0,2.0,0.0,0.0,0.0,0.0,0.0,64.0,0.0,0.0,0.0,0.0,0.0,0.0,0.0,0.0,0.0,0.0,0.0,0.0,0.0,0.0,0.0,0.0,0.0,0.0,3.0,0.0,0.0,0.0,0.0,0.0,0.0,0.0,0.0,0.0,0.0,0.0,0.0,0.0,0.0,0.0,0.0,0.0,0.0,0.0,0.0,0.0,0.0,0.0,0.0
02 Apr,0.0,0.0,0.0,0.0,0.0,0.0,0.0,1.0,0.0,0.0,0.0,0.0,0.0,0.0,0.0,1.0,0.0,0.0,0.0,0.0,0.0,0.0,0.0,0.0,0.0,0.0,0.0,0.0,2.0,0.0,0.0,0.0,0.0,0.0,0.0,0.0,1.0,0.0,0.0,0.0,0.0,0.0,0.0,0.0,0.0,0.0,0.0,0.0,0.0,2.0,0.0,0.0,0.0,0.0,0.0,0.0,1.0,0.0,0.0,0.0,0.0,0.0,0.0,0.0,0.0,1.0,0.0,0.0,0.0,0.0,0.0,7.0,0.0,0.0,0.0,0.0,0.0,0.0,0.0,0.0,0.0,0.0,0.0,0.0,0.0,0.0,0.0,0.0,0.0,0.0,0.0,5.0,0.0,0.0,0.0,2.0,3.0,1.0,0.0,0.0,0.0,0.0,0.0,0.0,0.0,0.0,0.0,2.0,0.0,0.0,0.0,0.0,0.0,74.0,0.0,0.0,0.0,0.0,0.0,0.0,0.0,0.0,0.0,0.0,0.0,0.0,0.0,0.0,0.0,0.0,0.0,0.0,3.0,0.0,0.0,0.0,0.0,0.0,0.0,0.0,0.0,0.0,0.0,0.0,0.0,0.0,0.0,0.0,0.0,0.0,0.0,0.0,0.0,0.0,0.0,0.0,0.0
03 Apr,0.0,0.0,0.0,0.0,0.0,0.0,0.0,1.0,0.0,0.0,0.0,0.0,0.0,0.0,0.0,1.0,0.0,0.0,0.0,0.0,0.0,0.0,0.0,0.0,2.0,0.0,0.0,0.0,4.0,0.0,0.0,0.0,0.0,0.0,0.0,0.0,1.0,0.0,0.0,0.0,0.0,0.0,0.0,0.0,0.0,0.0,0.0,0.0,0.0,5.0,0.0,0.0,0.0,0.0,0.0,0.0,1.0,0.0,0.0,0.0,0.0,0.0,0.0,0.0,0.0,1.0,0.0,0.0,0.0,0.0,0.0,8.0,0.0,0.0,0.0,0.0,0.0,0.0,0.0,0.0,0.0,0.0,0.0,0.0,0.0,0.0,0.0,0.0,0.0,0.0,0.0,6.0,0.0,0.0,0.0,2.0,3.0,1.0,0.0,0.0,0.0,0.0,0.0,3.0,0.0,0.0,0.0,2.0,0.0,0.0,0.0,0.0,0.0,92.0,0.0,0.0,0.0,0.0,0.0,0.0,0.0,0.0,0.0,0.0,0.0,0.0,0.0,0.0,0.0,0.0,0.0,0.0,3.0,0.0,0.0,0.0,0.0,0.0,0.0,0.0,0.0,0.0,0.0,0.0,0.0,0.0,0.0,0.0,0.0,0.0,0.0,0.0,0.0,0.0,0.0,0.0,0.0
04 Apr,0.0,0.0,0.0,0.0,0.0,0.0,0.0,1.0,0.0,0.0,0.0,0.0,0.0,0.0,0.0,1.0,0.0,0.0,0.0,0.0,0.0,0.0,0.0,0.0,4.0,0.0,0.0,0.0,6.0,0.0,0.0,0.0,0.0,0.0,0.0,0.0,2.0,0.0,0.0,0.0,0.0,0.0,0.0,0.0,0.0,0.0,0.0,0.0,0.0,7.0,0.0,0.0,0.0,0.0,0.0,0.0,1.0,0.0,0.0,0.0,0.0,0.0,0.0,0.0,0.0,1.0,0.0,0.0,0.0,0.0,0.0,11.0,0.0,0.0,0.0,0.0,0.0,0.0,0.0,0.0,0.0,0.0,0.0,0.0,0.0,0.0,0.0,0.0,0.0,0.0,0.0,8.0,0.0,0.0,0.0,3.0,3.0,1.0,0.0,0.0,0.0,0.0,0.0,3.0,0.0,0.0,0.0,2.0,0.0,0.0,0.0,0.0,0.0,119.0,0.0,0.0,0.0,0.0,0.0,0.0,0.0,0.0,0.0,0.0,0.0,0.0,0.0,0.0,0.0,0.0,0.0,0.0,3.0,0.0,0.0,0.0,0.0,0.0,0.0,0.0,0.0,0.0,0.0,0.0,0.0,0.0,0.0,0.0,0.0,0.0,0.0,0.0,0.0,0.0,0.0,0.0,0.0
05 Apr,0.0,0.0,0.0,0.0,0.0,0.0,0.0,1.0,0.0,0.0,0.0,0.0,0.0,0.0,0.0,1.0,0.0,0.0,0.0,0.0,0.0,0.0,0.0,0.0,5.0,0.0,0.0,0.0,6.0,0.0,0.0,0.0,0.0,0.0,0.0,0.0,2.0,0.0,0.0,0.0,0.0,0.0,0.0,0.0,0.0,0.0,0.0,0.0,0.0,7.0,0.0,0.0,0.0,0.0,0.0,0.0,1.0,0.0,0.0,0.0,0.0,0.0,0.0,0.0,0.0,1.0,0.0,0.0,0.0,0.0,0.0,12.0,0.0,0.0,0.0,0.0,0.0,0.0,0.0,0.0,0.0,0.0,0.0,0.0,0.0,0.0,0.0,0.0,0.0,0.0,0.0,9.0,0.0,0.0,0.0,3.0,3.0,1.0,0.0,0.0,0.0,0.0,0.0,5.0,0.0,0.0,0.0,2.0,0.0,0.0,0.0,0.0,0.0,139.0,0.0,0.0,0.0,0.0,0.0,0.0,0.0,0.0,0.0,0.0,0.0,0.0,0.0,0.0,0.0,0.0,0.0,0.0,3.0,0.0,0.0,0.0,0.0,0.0,0.0,0.0,0.0,0.0,0.0,0.0,0.0,0.0,0.0,0.0,0.0,0.0,0.0,0.0,0.0,0.0,0.0,0.0,0.0
06 Apr,0.0,0.0,0.0,0.0,0.0,0.0,0.0,1.0,0.0,0.0,0.0,0.0,0.0,0.0,0.0,1.0,0.0,0.0,0.0,0.0,0.0,0.0,0.0,0.0,5.0,0.0,1.0,0.0,7.0,0.0,0.0,0.0,0.0,0.0,0.0,0.0,3.0,0.0,0.0,0.0,0.0,0.0,0.0,0.0,0.0,0.0,0.0,0.0,0.0,7.0,0.0,0.0,0.0,0.0,0.0,0.0,1.0,0.0,0.0,0.0,0.0,0.0,0.0,0.0,0.0,1.0,0.0,0.0,0.0,0.0,0.0,15.0,0.0,0.0,0.0,0.0,0.0,0.0,0.0,0.0,1.0,0.0,0.0,0.0,0.0,0.0,0.0,0.0,0.0,0.0,0.0,12.0,0.0,0.0,0.0,3.0,3.0,1.0,0.0,0.0,0.0,0.0,2.0,5.0,0.0,0.0,0.0,2.0,0.0,0.0,0.0,0.0,0.0,145.0,0.0,0.0,0.0,0.0,0.0,0.0,0.0,0.0,0.0,0.0,0.0,0.0,0.0,0.0,0.0,0.0,0.0,0.0,7.0,0.0,0.0,0.0,0.0,0.0,0.0,0.0,0.0,0.0,0.0,0.0,0.0,0.0,0.0,0.0,0.0,0.0,0.0,0.0,0.0,0.0,0.0,0.0,0.0
07 Apr,0.0,0.0,0.0,0.0,0.0,0.0,0.0,1.0,0.0,0.0,0.0,0.0,0.0,0.0,0.0,1.0,0.0,0.0,0.0,0.0,1.0,0.0,0.0,0.0,6.0,0.0,1.0,0.0,10.0,0.0,0.0,0.0,0.0,0.0,0.0,0.0,3.0,0.0,1.0,0.0,0.0,0.0,0.0,0.0,0.0,0.0,0.0,0.0,0.0,14.0,0.0,0.0,0.0,0.0,0.0,0.0,2.0,0.0,0.0,1.0,0.0,0.0,0.0,0.0,0.0,1.0,0.0,0.0,0.0,0.0,0.0,24.0,0.0,0.0,0.0,0.0,0.0,0.0,0.0,0.0,1.0,0.0,0.0,0.0,0.0,0.0,1.0,0.0,0.0,2.0,0.0,19.0,0.0,0.0,0.0,4.0,3.0,2.0,0.0,0.0,0.0,0.0,4.0,8.0,0.0,0.0,0.0,3.0,0.0,0.0,0.0,0.0,0.0,220.0,0.0,0.0,0.0,0.0,1.0,0.0,0.0,0.0,0.0,0.0,0.0,0.0,0.0,0.0,0.0,0.0,0.0,0.0,14.0,0.0,0.0,0.0,0.0,0.0,0.0,0.0,0.0,0.0,0.0,0.0,1.0,0.0,0.0,0.0,0.0,0.0,0.0,0.0,0.0,0.0,0.0,3.0,0.0
08 Apr,0.0,0.0,0.0,0.0,0.0,0.0,0.0,1.0,0.0,0.0,0.0,0.0,1.0,0.0,0.0,1.0,0.0,0.0,0.0,0.0,1.0,0.0,0.0,0.0,8.0,0.0,1.0,0.0,13.0,0.0,0.0,0.0,0.0,0.0,0.0,0.0,3.0,0.0,1.0,0.0,0.0,0.0,0.0,0.0,0.0,0.0,0.0,0.0,0.0,14.0,0.0,0.0,0.0,0.0,0.0,0.0,2.0,0.0,0.0,1.0,0.0,0.0,0.0,0.0,0.0,1.0,0.0,0.0,0.0,0.0,0.0,26.0,0.0,0.0,0.0,0.0,0.0,0.0,0.0,0.0,1.0,0.0,0.0,0.0,0.0,0.0,1.0,0.0,0.0,2.0,0.0,21.0,0.0,0.0,0.0,4.0,3.0,2.0,0.0,0.0,0.0,1.0,4.0,9.0,0.0,0.0,0.0,3.0,0.0,0.0,0.0,0.0,0.0,253.0,0.0,0.0,0.0,0.0,3.0,0.0,0.0,0.0,0.0,0.0,0.0,0.0,0.0,0.0,0.0,0.0,0.0,0.0,16.0,0.0,0.0,0.0,0.0,0.0,0.0,0.0,0.0,0.0,0.0,0.0,1.0,0.0,0.0,0.0,0.0,0.0,0.0,0.0,0.0,0.0,0.0,3.0,0.0
09 Apr,1.0,0.0,0.0,0.0,0.0,0.0,0.0,2.0,0.0,0.0,0.0,0.0,3.0,0.0,0.0,1.0,0.0,0.0,0.0,0.0,1.0,0.0,0.0,0.0,12.0,0.0,1.0,0.0,20.0,0.0,0.0,0.0,1.0,0.0,0.0,2.0,5.0,0.0,2.0,0.0,0.0,0.0,0.0,0.0,0.0,0.0,0.0,0.0,0.0,14.0,0.0,0.0,1.0,0.0,1.0,0.0,3.0,0.0,0.0,1.0,0.0,0.0,0.0,0.0,0.0,1.0,0.0,0.0,0.0,0.0,0.0,35.0,0.0,0.0,0.0,1.0,0.0,0.0,0.0,0.0,1.0,0.0,0.0,0.0,0.0,1.0,1.0,0.0,0.0,2.0,0.0,32.0,0.0,0.0,0.0,4.0,3.0,3.0,0.0,0.0,0.0,1.0,4.0,23.0,0.0,0.0,0.0,4.0,0.0,1.0,0.0,0.0,0.0,340.0,0.0,0.0,0.0,0.0,3.0,0.0,0.0,0.0,0.0,0.0,0.0,0.0,0.0,0.0,0.0,0.0,0.0,0.0,20.0,0.0,0.0,0.0,0.0,0.0,0.0,0.0,0.0,0.0,0.0,0.0,1.0,0.0,0.0,0.0,0.0,0.0,0.0,0.0,0.0,0.0,0.0,3.0,0.0
10 Apr,1.0,0.0,0.0,0.0,0.0,0.0,0.0,2.0,0.0,0.0,0.0,0.0,3.0,0.0,0.0,1.0,0.0,0.0,0.0,1.0,1.0,0.0,0.0,0.0,13.0,0.0,1.0,0.0,24.0,0.0,0.0,0.0,1.0,0.0,0.0,2.0,6.0,0.0,2.0,0.0,0.0,0.0,0.0,0.0,0.0,0.0,0.0,0.0,0.0,14.0,0.0,0.0,1.0,0.0,1.0,0.0,3.0,0.0,0.0,2.0,0.0,0.0,0.0,0.0,1.0,1.0,0.0,0.0,0.0,0.0,0.0,51.0,0.0,0.0,0.0,1.0,0.0,0.0,0.0,0.0,2.0,0.0,0.0,0.0,0.0,1.0,1.0,0.0,0.0,2.0,0.0,44.0,0.0,0.0,0.0,5.0,3.0,3.0,0.0,0.0,0.0,1.0,6.0,34.0,0.0,0.0,0.0,4.0,0.0,1.0,0.0,0.0,0.0,413.0,0.0,0.0,0.0,0.0,4.0,0.0,0.0,0.0,0.0,0.0,0.0,0.0,1.0,0.0,0.0,0.0,0.0,0.0,21.0,0.0,1.0,0.0,0.0,0.0,0.0,0.0,0.0,0.0,0.0,0.0,1.0,0.0,0.0,0.0,0.0,0.0,0.0,0.0,0.0,0.0,0.0,3.0,0.0
11 Apr,5.0,0.0,0.0,0.0,0.0,0.0,0.0,2.0,0.0,0.0,0.0,0.0,3.0,0.0,0.0,2.0,0.0,0.0,0.0,1.0,1.0,0.0,0.0,0.0,14.0,0.0,5.0,0.0,28.0,0.0,0.0,0.0,1.0,0.0,0.0,2.0,6.0,0.0,2.0,0.0,0.0,0.0,0.0,0.0,0.0,0.0,0.0,0.0,0.0,14.0,0.0,0.0,1.0,1.0,2.0,0.0,4.0,0.0,0.0,3.0,0.0,0.0,0.0,0.0,3.0,1.0,0.0,0.0,0.0,0.0,0.0,57.0,0.0,0.0,0.0,1.0,0.0,0.0,0.0,0.0,2.0,0.0,0.0,0.0,0.0,1.0,1.0,0.0,0.0,2.0,0.0,57.0,0.0,0.0,0.0,5.0,3.0,3.0,0.0,0.0,0.0,1.0,6.0,40.0,0.0,0.0,0.0,4.0,0.0,1.0,0.0,1.0,0.0,486.0,0.0,0.0,0.0,0.0,4.0,0.0,0.0,0.0,0.0,1.0,0.0,1.0,1.0,0.0,0.0,0.0,0.0,0.0,28.0,0.0,1.0,0.0,1.0,0.0,0.0,0.0,0.0,0.0,0.0,0.0,1.0,1.0,1.0,0.0,0.0,0.0,0.0,0.0,0.0,0.0,0.0,4.0,0.0
12 Apr,10.0,0.0,0.0,0.0,0.0,0.0,0.0,2.0,0.0,0.0,0.0,0.0,3.0,0.0,0.0,2.0,0.0,0.0,0.0,1.0,1.0,0.0,0.0,0.0,15.0,0.0,7.0,0.0,33.0,0.0,0.0,0.0,1.0,0.0,0.0,2.0,7.0,0.0,2.0,0.0,1.0,0.0,0.0,0.0,0.0,0.0,0.0,0.0,0.0,24.0,0.0,0.0,1.0,1.0,2.0,1.0,5.0,0.0,0.0,3.0,0.0,0.0,0.0,0.0,5.0,2.0,0.0,0.0,0.0,1.0,0.0,67.0,0.0,0.0,0.0,2.0,0.0,0.0,0.0,0.0,2.0,0.0,0.0,0.0,0.0,2.0,1.0,1.0,0.0,2.0,0.0,72.0,0.0,0.0,0.0,5.0,3.0,4.0,0.0,0.0,0.0,1.0,6.0,47.0,0.0,0.0,0.0,4.0,0.0,1.0,0.0,1.0,0.0,557.0,0.0,0.0,0.0,0.0,4.0,0.0,0.0,0.0,0.0,1.0,0.0,1.0,1.0,0.0,0.0,1.0,0.0,0.0,31.0,0.0,1.0,0.0,1.0,0.0,0.0,0.0,0.0,0.0,0.0,0.0,1.0,1.0,1.0,0.0,0.0,0.0,0.0,0.0,0.0,0.0,0.0,5.0,0.0
13 Apr,13.0,0.0,0.0,0.0,0.0,0.0,0.0,3.0,0.0,0.0,2.0,0.0,4.0,0.0,0.0,2.0,0.0,1.0,0.0,1.0,2.0,0.0,0.0,0.0,15.0,0.0,8.0,0.0,37.0,0.0,0.0,0.0,1.0,0.0,0.0,2.0,7.0,0.0,2.0,0.0,1.0,0.0,0.0,0.0,0.0,0.0,0.0,0.0,0.0,24.0,0.0,0.0,1.0,1.0,2.0,1.0,5.0,1.0,0.0,3.0,0.0,0.0,0.0,0.0,5.0,2.0,0.0,0.0,0.0,2.0,0.0,79.0,0.0,0.0,0.0,3.0,0.0,0.0,0.0,0.0,2.0,0.0,1.0,0.0,0.0,2.0,1.0,2.0,0.0,4.0,0.0,91.0,0.0,0.0,0.0,5.0,3.0,4.0,0.0,0.0,0.0,1.0,7.0,67.0,0.0,0.0,0.0,5.0,0.0,2.0,0.0,1.0,0.0,672.0,0.0,0.0,0.0,0.0,5.0,0.0,0.0,0.0,0.0,1.0,0.0,1.0,1.0,0.0,0.0,1.0,0.0,0.0,33.0,0.0,2.0,0.0,1.0,0.0,0.0,0.0,0.0,0.0,0.0,0.0,1.0,1.0,1.0,0.0,0.0,0.0,0.0,0.0,0.0,0.0,0.0,6.0,0.0
14 Apr,15.0,0.0,0.0,0.0,0.0,0.0,0.0,3.0,0.0,0.0,2.0,0.0,4.0,0.0,0.0,2.0,0.0,1.0,0.0,1.0,2.0,0.0,0.0,0.0,19.0,0.0,8.0,0.0,45.0,0.0,0.0,0.0,1.0,1.0,0.0,2.0,7.0,0.0,2.0,1.0,1.0,0.0,0.0,0.0,0.0,0.0,0.0,0.0,0.0,24.0,0.0,0.0,1.0,1.0,2.0,1.0,5.0,1.0,0.0,5.0,0.0,0.0,2.0,0.0,5.0,2.0,0.0,0.0,0.0,2.0,0.0,94.0,0.0,0.0,0.0,3.0,0.0,0.0,0.0,0.0,2.0,0.0,1.0,0.0,0.0,3.0,1.0,2.0,0.0,5.0,0.0,102.0,0.0,0.0,0.0,5.0,3.0,4.0,0.0,0.0,0.0,1.0,7.0,75.0,0.0,0.0,0.0,6.0,0.0,2.0,0.0,1.0,0.0,733.0,0.0,0.0,0.0,0.0,6.0,0.0,0.0,0.0,0.0,1.0,0.0,1.0,1.0,0.0,0.0,1.0,0.0,0.0,43.0,0.0,2.0,0.0,1.0,0.0,0.0,0.0,0.0,0.0,0.0,0.0,1.0,1.0,1.0,0.0,0.0,0.0,0.0,0.0,0.0,0.0,0.0,7.0,0.0
15 Apr,15.0,0.0,0.0,0.0,0.0,0.0,0.0,3.0,0.0,0.0,2.0,0.0,4.0,0.0,0.0,2.0,0.0,1.0,0.0,2.0,2.0,0.0,0.0,0.0,19.0,0.0,8.0,0.0,55.0,0.0,0.0,0.0,1.0,1.0,0.0,2.0,8.0,0.0,2.0,1.0,2.0,0.0,0.0,0.0,0.0,0.0,0.0,0.0,0.0,24.0,0.0,0.0,1.0,1.0,3.0,2.0,5.0,1.0,0.0,8.0,0.0,0.0,3.0,0.0,7.0,2.0,0.0,0.0,0.0,2.0,0.0,103.0,0.0,0.0,0.0,4.0,0.0,0.0,0.0,0.0,2.0,0.0,1.0,0.0,0.0,5.0,1.0,2.0,0.0,6.0,0.0,122.0,0.0,0.0,0.0,6.0,3.0,4.0,0.0,0.0,0.0,1.0,7.0,83.0,0.0,0.0,0.0,6.0,0.0,2.0,0.0,1.0,0.0,857.0,0.0,1.0,0.0,0.0,6.0,0.0,0.0,0.0,0.0,1.0,0.0,1.0,1.0,0.0,0.0,1.0,0.0,0.0,46.0,0.0,4.0,0.0,1.0,0.0,0.0,0.0,0.0,0.0,0.0,0.0,1.0,1.0,2.0,0.0,1.0,0.0,0.0,0.0,0.0,0.0,0.0,10.0,0.0
16 Apr,17.0,0.0,0.0,0.0,0.0,0.0,0.0,5.0,0.0,1.0,2.0,0.0,7.0,0.0,0.0,2.0,0.0,1.0,0.0,2.0,3.0,0.0,0.0,0.0,19.0,0.0,8.0,0.0,63.0,0.0,0.0,0.0,1.0,1.0,0.0,2.0,10.0,0.0,2.0,1.0,3.0,0.0,0.0,0.0,0.0,1.0,0.0,1.0,2.0,24.0,0.0,0.0,1.0,1.0,3.0,2.0,5.0,1.0,0.0,13.0,0.0,0.0,4.0,0.0,7.0,2.0,0.0,0.0,0.0,2.0,0.0,121.0,0.0,0.0,0.0,4.0,0.0,0.0,0.0,0.0,2.0,0.0,1.0,0.0,0.0,6.0,1.0,2.0,0.0,6.0,0.0,147.0,0.0,0.0,0.0,6.0,3.0,4.0,0.0,0.0,0.0,1.0,7.0,98.0,0.0,0.0,0.0,6.0,0.0,2.0,0.0,1.0,0.0,958.0,0.0,1.0,0.0,0.0,6.0,0.0,0.0,0.0,0.0,1.0,0.0,1.0,1.0,0.0,0.0,1.0,0.0,0.0,52.0,0.0,4.0,0.0,1.0,0.0,1.0,0.0,0.0,0.0,0.0,0.0,3.0,1.0,2.0,0.0,2.0,0.0,0.0,0.0,0.0,0.0,0.0,11.0,0.0
17 Apr,18.0,0.0,0.0,0.0,0.0,0.0,0.0,5.0,0.0,1.0,2.0,0.0,7.0,0.0,0.0,2.0,0.0,1.0,0.0,2.0,3.0,0.0,0.0,0.0,21.0,0.0,8.0,0.0,80.0,0.0,0.0,0.0,1.0,1.0,0.0,2.0,13.0,0.0,2.0,2.0,3.0,0.0,0.0,0.0,0.0,1.0,0.0,2.0,2.0,24.0,0.0,0.0,2.0,1.0,6.0,2.0,6.0,1.0,0.0,15.0,0.0,0.0,4.0,0.0,7.0,2.0,0.0,0.0,0.0,2.0,0.0,139.0,0.0,0.0,0.0,4.0,0.0,0.0,0.0,0.0,2.0,1.0,1.0,0.0,0.0,8.0,1.0,2.0,0.0,6.0,0.0,185.0,0.0,0.0,0.0,7.0,3.0,4.0,0.0,0.0,0.0,1.0,10.0,122.0,0.0,1.0,0.0,6.0,0.0,4.0,0.0,1.0,0.0,1136.0,0.0,1.0,1.0,0.0,6.0,0.0,0.0,0.0,0.0,2.0,0.0,1.0,4.0,0.0,0.0,1.0,0.0,1.0,61.0,1.0,4.0,0.0,1.0,0.0,1.0,0.0,0.0,0.0,0.0,0.0,4.0,1.0,2.0,0.0,2.0,0.0,0.0,0.0,0.0,1.0,0.0,15.0,0.0
18 Apr,21.0,0.0,0.0,0.0,0.0,0.0,0.0,5.0,0.0,1.0,2.0,0.0,7.0,0.0,0.0,3.0,0.0,1.0,0.0,2.0,3.0,1.0,0.0,0.0,22.0,0.0,8.0,0.0,87.0,0.0,0.0,0.0,1.0,1.0,0.0,2.0,15.0,0.0,2.0,2.0,3.0,0.0,0.0,0.0,0.0,1.0,0.0,2.0,2.0,26.0,0.0,0.0,2.0,1.0,6.0,2.0,6.0,1.0,0.0,16.0,0.0,0.0,4.0,0.0,7.0,2.0,0.0,0.0,0.0,2.0,0.0,159.0,0.0,0.0,0.0,4.0,0.0,0.0,0.0,0.0,2.0,1.0,1.0,0.0,0.0,8.0,1.0,2.0,0.0,7.0,0.0,198.0,0.0,0.0,0.0,8.0,3.0,4.0,0.0,0.0,0.0,1.0,10.0,130.0,0.0,1.0,0.0,6.0,0.0,4.0,0.0,1.0,0.0,1255.0,0.0,1.0,1.0,0.0,6.0,0.0,0.0,0.0,0.0,2.0,0.0,1.0,4.0,0.0,0.0,1.0,0.0,1.0,64.0,1.0,4.0,0.0,1.0,0.0,1.0,0.0,0.0,0.0,0.0,0.0,4.0,1.0,2.0,0.0,2.0,0.0,0.0,0.0,0.0,1.0,0.0,20.0,0.0
19 Apr,28.0,0.0,0.0,0.0,0.0,0.0,1.0,5.0,1.0,1.0,2.0,0.0,10.0,0.0,0.0,3.0,0.0,1.0,0.0,2.0,3.0,1.0,0.0,0.0,27.0,0.0,8.0,0.0,93.0,0.0,0.0,0.0,1.0,1.0,0.0,3.0,15.0,0.0,2.0,2.0,3.0,0.0,0.0,0.0,0.0,1.0,1.0,2.0,2.0,27.0,0.0,0.0,2.0,1.0,7.0,2.0,6.0,1.0,0.0,18.0,0.0,0.0,4.0,0.0,10.0,2.0,0.0,0.0,0.0,2.0,0.0,189.0,0.0,0.0,1.0,5.0,0.0,0.0,1.0,0.0,2.0,1.0,1.0,0.0,0.0,8.0,2.0,2.0,0.0,10.0,0.0,213.0,0.0,0.0,0.0,8.0,3.0,4.0,0.0,0.0,0.0,1.0,10.0,143.0,1.0,1.0,0.0,9.0,1.0,6.0,0.0,1.0,0.0,1399.0,0.0,1.0,1.0,0.0,8.0,0.0,0.0,0.0,0.0,2.0,0.0,1.0,4.0,0.0,0.0,1.0,0.0,1.0,68.0,1.0,4.0,0.0,1.0,1.0,1.0,0.0,0.0,0.0,0.0,0.0,4.0,1.0,2.0,0.0,2.0,0.0,0.0,0.0,0.0,1.0,0.0,22.0,0.0
20 Apr,29.0,0.0,0.0,0.0,0.0,0.0,1.0,5.0,1.0,1.0,2.0,0.0,10.0,0.0,0.0,4.0,0.0,1.0,0.0,2.0,3.0,1.0,0.0,0.0,30.0,0.0,8.0,0.0,105.0,0.0,0.0,0.0,1.0,1.0,0.0,3.0,15.0,0.0,2.0,2.0,3.0,0.0,0.0,0.0,0.0,1.0,1.0,3.0,2.0,27.0,1.0,0.0,2.0,1.0,7.0,3.0,6.0,1.0,0.0,23.0,0.0,0.0,4.0,0.0,10.0,2.0,0.0,0.0,1.0,2.0,0.0,204.0,0.0,0.0,1.0,5.0,0.0,0.0,1.0,0.0,2.0,1.0,1.0,0.0,0.0,8.0,2.0,2.0,0.0,10.0,0.0,233.0,0.0,0.0,0.0,8.0,3.0,4.0,0.0,0.0,0.0,1.0,11.0,153.0,1.0,1.0,0.0,9.0,1.0,6.0,0.0,1.0,0.0,1552.0,0.0,1.0,1.0,0.0,8.0,0.0,0.0,0.0,0.0,2.0,0.0,1.0,4.0,0.0,0.0,1.0,0.0,1.0,68.0,1.0,4.0,0.0,1.0,2.0,1.0,0.0,0.0,0.0,0.0,0.0,4.0,1.0,2.0,0.0,2.0,1.0,1.0,0.0,0.0,1.0,0.0,25.0,0.0
21 Apr,29.0,0.0,0.0,0.0,0.0,0.0,1.0,5.0,1.0,1.0,2.0,0.0,11.0,0.0,0.0,5.0,0.0,1.0,0.0,2.0,3.0,2.0,0.0,0.0,32.0,0.0,8.0,0.0,110.0,0.0,0.0,0.0,1.0,1.0,0.0,3.0,15.0,0.0,2.0,2.0,3.0,0.0,0.0,0.0,0.0,1.0,1.0,3.0,2.0,28.0,1.0,0.0,2.0,1.0,7.0,3.0,7.0,2.0,0.0,24.0,0.0,0.0,5.0,1.0,11.0,2.0,0.0,1.0,1.0,2.0,0.0,218.0,0.0,1.0,1.0,5.0,0.0,0.0,1.0,0.0,2.0,1.0,1.0,0.0,0.0,9.0,2.0,2.0,0.0,11.0,0.0,253.0,0.0,0.0,0.0,8.0,3.0,4.0,0.0,0.0,0.0,1.0,13.0,164.0,1.0,1.0,0.0,9.0,1.0,6.0,0.0,1.0,0.0,1647.0,0.0,2.0,1.0,0.0,8.0,0.0,0.0,0.0,0.0,2.0,0.0,1.0,4.0,0.0,0.0,1.0,0.0,1.0,73.0,1.0,4.0,0.0,1.0,2.0,1.0,1.0,0.0,0.0,0.0,0.0,4.0,1.0,2.0,0.0,2.0,1.0,1.0,0.0,0.0,1.0,0.0,26.0,0.0
22 Apr,31.0,0.0,0.0,0.0,0.0,0.0,1.0,5.0,1.0,1.0,2.0,0.0,11.0,0.0,0.0,5.0,0.0,1.0,0.0,2.0,3.0,2.0,0.0,0.0,33.0,0.0,8.0,0.0,117.0,0.0,0.0,0.0,1.0,1.0,0.0,4.0,15.0,0.0,2.0,3.0,3.0,0.0,0.0,0.0,0.0,1.0,1.0,3.0,2.0,28.0,1.0,0.0,2.0,1.0,7.0,4.0,8.0,2.0,0.0,27.0,0.0,0.0,5.0,1.0,13.0,2.0,0.0,1.0,1.0,2.0,0.0,252.0,0.0,1.0,1.0,5.0,0.0,1.0,1.0,0.0,2.0,1.0,1.0,0.0,0.0,9.0,3.0,2.0,0.0,11.0,2.0,281.0,0.0,1.0,0.0,9.0,3.0,4.0,1.0,0.0,0.0,1.0,14.0,184.0,1.0,1.0,0.0,11.0,1.0,7.0,0.0,1.0,0.0,1647.0,0.0,2.0,1.0,0.0,8.0,0.0,0.0,0.0,0.0,2.0,0.0,1.0,4.0,0.0,0.0,1.0,0.0,1.0,87.0,1.0,4.0,0.0,1.0,3.0,1.0,1.0,0.0,0.0,0.0,0.0,5.0,1.0,2.0,0.0,2.0,1.0,1.0,0.0,0.0,1.0,0.0,30.0,0.0
23 Apr,31.0,0.0,0.0,0.0,0.0,0.0,1.0,5.0,1.0,1.0,2.0,0.0,11.0,0.0,0.0,5.0,0.0,1.0,0.0,2.0,3.0,2.0,0.0,0.0,33.0,0.0,8.0,0.0,118.0,1.0,0.0,0.0,1.0,1.0,0.0,4.0,16.0,0.0,2.0,4.0,4.0,1.0,0.0,0.0,0.0,1.0,1.0,3.0,2.0,28.0,1.0,0.0,2.0,1.0,7.0,6.0,8.0,2.0,0.0,29.0,0.0,0.0,5.0,1.0,14.0,2.0,0.0,1.0,1.0,2.0,0.0,261.0,0.0,1.0,1.0,5.0,0.0,1.0,1.0,0.0,2.0,1.0,1.0,0.0,0.0,10.0,3.0,2.0,0.0,11.0,2.0,281.0,0.0,1.0,0.0,9.0,3.0,4.0,1.0,0.0,0.0,1.0,14.0,193.0,1.0,1.0,0.0,11.0,1.0,7.0,0.0,1.0,0.0,1647.0,0.0,2.0,1.0,0.0,8.0,0.0,0.0,0.0,0.0,2.0,0.0,1.0,4.0,0.0,0.0,1.0,0.0,1.0,89.0,1.0,4.0,0.0,1.0,3.0,1.0,1.0,1.0,0.0,0.0,0.0,5.0,1.0,2.0,0.0,2.0,3.0,1.0,0.0,0.0,1.0,0.0,35.0,1.0
24 Apr,31.0,0.0,0.0,1.0,0.0,0.0,1.0,5.0,1.0,1.0,2.0,0.0,11.0,0.0,0.0,5.0,0.0,1.0,0.0,2.0,3.0,2.0,0.0,0.0,33.0,0.0,8.0,0.0,118.0,1.0,0.0,0.0,1.0,1.0,0.0,4.0,17.0,0.0,3.0,4.0,4.0,1.0,1.0,0.0,0.0,1.0,1.0,3.0,2.0,28.0,1.0,0.0,3.0,1.0,7.0,6.0,10.0,4.0,1.0,29.0,0.0,0.0,5.0,1.0,14.0,2.0,0.0,1.0,1.0,2.0,0.0,261.0,0.0,1.0,1.0,5.0,0.0,1.0,1.0,1.0,2.0,1.0,1.0,0.0,0.0,10.0,3.0,2.0,0.0,11.0,2.0,281.0,0.0,1.0,0.0,10.0,3.0,4.0,1.0,0.0,0.0,1.0,14.0,193.0,1.0,1.0,0.0,11.0,1.0,7.0,0.0,1.0,1.0,1647.0,0.0,2.0,1.0,0.0,8.0,0.0,0.0,0.0,0.0,3.0,0.0,1.0,4.0,0.0,0.0,1.0,0.0,1.0,89.0,1.0,4.0,0.0,1.0,3.0,1.0,1.0,2.0,0.0,0.0,0.0,5.0,1.0,2.0,1.0,2.0,3.0,1.0,0.0,0.0,1.0,0.0,35.0,1.0
25 Apr,39.0,0.0,0.0,1.0,0.0,0.0,1.0,7.0,1.0,2.0,2.0,0.0,12.0,0.0,0.0,5.0,2.0,1.0,0.0,2.0,3.0,2.0,0.0,0.0,36.0,1.0,8.0,0.0,136.0,1.0,0.0,0.0,1.0,1.0,0.0,5.0,17.0,0.0,3.0,4.0,4.0,1.0,1.0,0.0,0.0,1.0,1.0,4.0,2.0,28.0,1.0,0.0,4.0,1.0,7.0,6.0,13.0,5.0,1.0,32.0,0.0,0.0,5.0,1.0,20.0,2.0,0.0,1.0,1.0,2.0,1.0,300.0,0.0,1.0,1.0,5.0,0.0,1.0,1.0,2.0,2.0,2.0,2.0,0.0,0.0,10.0,3.0,2.0,0.0,13.0,2.0,293.0,0.0,1.0,0.0,11.0,3.0,6.0,1.0,0.0,0.0,1.0,14.0,210.0,1.0,1.0,0.0,11.0,1.0,8.0,0.0,1.0,1.0,1776.0,0.0,2.0,1.0,0.0,8.0,0.0,0.0,0.0,0.0,3.0,0.0,2.0,4.0,0.0,0.0,1.0,0.0,1.0,97.0,1.0,4.0,0.0,1.0,3.0,2.0,1.0,2.0,0.0,0.0,0.0,5.0,1.0,2.0,1.0,2.0,3.0,1.0,0.0,0.0,1.0,0.0,39.0,1.0
26 Apr,41.0,0.0,0.0,1.0,0.0,0.0,1.0,9.0,1.0,2.0,2.0,0.0,12.0,0.0,0.0,5.0,2.0,1.0,0.0,2.0,4.0,2.0,0.0,0.0,41.0,1.0,8.0,0.0,145.0,1.0,0.0,0.0,1.0,1.0,0.0,5.0,20.0,0.0,3.0,4.0,4.0,2.0,1.0,0.0,0.0,1.0,1.0,4.0,2.0,28.0,1.0,0.0,4.0,1.0,7.0,6.0,14.0,5.0,1.0,34.0,0.0,0.0,5.0,1.0,20.0,2.0,0.0,1.0,1.0,2.0,2.0,327.0,0.0,1.0,1.0,5.0,0.0,1.0,1.0,2.0,2.0,2.0,2.0,0.0,0.0,10.0,3.0,2.0,0.0,14.0,2.0,302.0,0.0,1.0,0.0,11.0,3.0,6.0,1.0,0.0,0.0,1.0,14.0,220.0,1.0,1.0,0.0,12.0,1.0,10.0,0.0,1.0,1.0,1855.0,0.0,2.0,1.0,0.0,11.0,0.0,0.0,0.0,0.0,3.0,0.0,2.0,4.0,0.0,0.0,1.0,0.0,1.0,99.0,1.0,4.0,0.0,1.0,3.0,2.0,1.0,2.0,0.0,0.0,1.0,7.0,1.0,2.0,1.0,2.0,3.0,1.0,0.0,0.0,1.0,0.0,44.0,1.0
27 Apr,43.0,0.0,0.0,1.0,2.0,0.0,1.0,9.0,1.0,2.0,3.0,0.0,13.0,0.0,0.0,6.0,2.0,1.0,0.0,2.0,4.0,3.0,0.0,0.0,51.0,1.0,8.0,0.0,157.0,1.0,0.0,0.0,1.0,1.0,0.0,6.0,21.0,0.0,3.0,6.0,5.0,3.0,1.0,0.0,0.0,1.0,2.0,4.0,2.0,28.0,1.0,0.0,4.0,1.0,7.0,6.0,15.0,5.0,1.0,34.0,0.0,0.0,6.0,1.0,20.0,2.0,0.0,1.0,1.0,3.0,2.0,355.0,1.0,1.0,1.0,5.0,0.0,1.0,1.0,2.0,3.0,2.0,2.0,0.0,0.0,10.0,3.0,2.0,0.0,15.0,3.0,320.0,0.0,1.0,0.0,12.0,3.0,6.0,1.0,0.0,0.0,1.0,17.0,233.0,1.0,1.0,0.0,12.0,1.0,10.0,0.0,1.0,1.0,1935.0,0.0,3.0,1.0,0.0,11.0,0.0,0.0,0.0,0.0,3.0,0.0,2.0,5.0,0.0,0.0,1.0,0.0,1.0,105.0,1.0,4.0,0.0,1.0,4.0,2.0,1.0,2.0,0.0,0.0,1.0,8.0,1.0,2.0,1.0,2.0,3.0,1.0,1.0,0.0,1.0,1.0,47.0,1.0
28 Apr,49.0,0.0,0.0,1.0,2.0,0.0,1.0,9.0,1.0,2.0,3.0,0.0,13.0,0.0,0.0,7.0,2.0,1.0,0.0,2.0,4.0,3.0,0.0,0.0,54.0,1.0,8.0,0.0,161.0,1.0,0.0,0.0,1.0,2.0,0.0,6.0,21.0,0.0,3.0,7.0,5.0,3.0,1.0,0.0,0.0,1.0,2.0,5.0,2.0,28.0,1.0,0.0,4.0,1.0,8.0,6.0,15.0,5.0,1.0,37.0,0.0,0.0,6.0,1.0,21.0,2.0,0.0,1.0,1.0,3.0,2.0,374.0,1.0,1.0,1.0,5.0,0.0,1.0,1.0,2.0,4.0,2.0,2.0,0.0,0.0,12.0,4.0,2.0,0.0,16.0,3.0,334.0,0.0,1.0,0.0,12.0,3.0,6.0,1.0,0.0,0.0,1.0,17.0,250.0,4.0,1.0,0.0,12.0,1.0,10.0,1.0,1.0,1.0,2008.0,0.0,3.0,1.0,0.0,11.0,0.0,0.0,0.0,0.0,3.0,1.0,2.0,7.0,0.0,0.0,2.0,1.0,1.0,110.0,1.0,4.0,0.0,1.0,4.0,2.0,1.0,2.0,0.0,0.0,1.0,8.0,1.0,2.0,1.0,2.0,3.0,1.0,1.0,0.0,1.0,1.0,49.0,2.0
29 Apr,51.0,0.0,1.0,1.0,2.0,0.0,1.0,9.0,1.0,3.0,3.0,0.0,13.0,0.0,0.0,7.0,2.0,1.0,0.0,2.0,6.0,3.0,0.0,0.0,56.0,1.0,8.0,0.0,168.0,1.0,0.0,0.0,1.0,2.0,0.0,8.0,21.0,0.0,3.0,8.0,6.0,4.0,1.0,0.0,0.0,1.0,3.0,6.0,2.0,28.0,1.0,0.0,4.0,1.0,8.0,8.0,17.0,5.0,1.0,38.0,0.0,0.0,6.0,1.0,21.0,2.0,0.0,1.0,1.0,3.0,2.0,388.0,1.0,1.0,1.0,5.0,0.0,1.0,1.0,2.0,5.0,2.0,2.0,0.0,0.0,12.0,4.0,2.0,0.0,18.0,3.0,345.0,0.0,1.0,0.0,13.0,3.0,6.0,2.0,0.0,0.0,1.0,18.0,260.0,4.0,1.0,0.0,12.0,1.0,10.0,1.0,1.0,1.0,2117.0,0.0,3.0,1.0,0.0,12.0,0.0,0.0,0.0,0.0,3.0,1.0,2.0,7.0,0.0,0.0,4.0,1.0,1.0,112.0,1.0,4.0,0.0,1.0,4.0,2.0,1.0,2.0,1.0,0.0,1.0,8.0,1.0,2.0,2.0,2.0,3.0,1.0,1.0,0.0,1.0,1.0,55.0,2.0
30 Apr,54.0,0.0,1.0,1.0,2.0,0.0,1.0,9.0,1.0,3.0,3.0,0.0,14.0,0.0,0.0,7.0,2.0,1.0,0.0,2.0,7.0,3.0,0.0,0.0,59.0,1.0,8.0,1.0,177.0,1.0,0.0,0.0,1.0,2.0,0.0,8.0,23.0,0.0,4.0,9.0,6.0,5.0,2.0,0.0,0.0,2.0,3.0,6.0,2.0,28.0,2.0,0.0,5.0,1.0,9.0,10.0,18.0,6.0,1.0,43.0,0.0,0.0,7.0,1.0,23.0,2.0,0.0,1.0,1.0,5.0,2.0,423.0,1.0,1.0,1.0,5.0,0.0,1.0,1.0,2.0,8.0,3.0,2.0,0.0,0.0,14.0,4.0,2.0,0.0,20.0,4.0,377.0,0.0,1.0,0.0,13.0,3.0,7.0,2.0,0.0,0.0,2.0,18.0,283.0,4.0,1.0,0.0,12.0,1.0,10.0,1.0,1.0,1.0,2276.0,0.0,4.0,1.0,1.0,12.0,0.0,0.0,0.0,0.0,3.0,1.0,2.0,7.0,1.0,0.0,4.0,1.0,1.0,123.0,1.0,5.0,0.0,1.0,4.0,2.0,2.0,2.0,1.0,0.0,1.0,9.0,1.0,2.0,2.0,2.0,3.0,1.0,1.0,0.0,1.0,1.0,63.0,2.0
01 May,59.0,0.0,1.0,1.0,3.0,0.0,1.0,10.0,1.0,4.0,4.0,0.0,14.0,0.0,1.0,7.0,2.0,1.0,0.0,2.0,7.0,4.0,0.0,0.0,75.0,1.0,8.0,3.0,189.0,1.0,0.0,0.0,1.0,2.0,0.0,11.0,25.0,0.0,4.0,9.0,7.0,5.0,2.0,0.0,0.0,2.0,3.0,7.0,2.0,28.0,2.0,0.0,5.0,1.0,11.0,11.0,19.0,7.0,2.0,50.0,0.0,0.0,7.0,1.0,24.0,2.0,0.0,1.0,1.0,5.0,2.0,447.0,1.0,1.0,1.0,5.0,0.0,1.0,1.0,3.0,11.0,3.0,2.0,0.0,0.0,14.0,4.0,2.0,0.0,20.0,5.0,407.0,0.0,1.0,0.0,13.0,3.0,7.0,2.0,0.0,0.0,2.0,18.0,310.0,4.0,1.0,0.0,13.0,1.0,10.0,1.0,1.0,1.0,2429.0,0.0,5.0,1.0,1.0,13.0,0.0,0.0,0.0,0.0,3.0,1.0,2.0,7.0,1.0,0.0,4.0,1.0,1.0,127.0,1.0,5.0,0.0,1.0,4.0,2.0,2.0,2.0,1.0,0.0,1.0,10.0,1.0,2.0,2.0,2.0,3.0,1.0,1.0,0.0,1.0,1.0,68.0,2.0
02 May,61.0,0.0,1.0,1.0,4.0,1.0,1.0,10.0,1.0,4.0,5.0,0.0,15.0,0.0,1.0,7.0,2.0,1.0,0.0,2.0,7.0,4.0,1.0,0.0,81.0,1.0,8.0,3.0,202.0,1.0,0.0,0.0,1.0,2.0,0.0,12.0,27.0,0.0,4.0,10.0,7.0,6.0,2.0,1.0,0.0,2.0,3.0,8.0,2.0,28.0,2.0,0.0,5.0,1.0,11.0,12.0,20.0,8.0,3.0,60.0,0.0,0.0,11.0,1.0,25.0,2.0,0.0,1.0,1.0,5.0,2.0,477.0,1.0,1.0,1.0,5.0,1.0,1.0,1.0,3.0,11.0,3.0,2.0,0.0,0.0,14.0,4.0,2.0,0.0,20.0,5.0,443.0,0.0,1.0,0.0,14.0,3.0,10.0,2.0,0.0,0.0,3.0,18.0,331.0,4.0,2.0,0.0,15.0,1.0,12.0,1.0,1.0,1.0,2634.0,0.0,5.0,1.0,1.0,13.0,0.0,0.0,0.0,0.0,3.0,1.0,2.0,7.0,1.0,0.0,4.0,1.0,2.0,130.0,1.0,5.0,0.0,1.0,4.0,2.0,2.0,3.0,1.0,0.0,1.0,11.0,1.0,2.0,2.0,2.0,3.0,1.0,1.0,0.0,1.0,1.0,69.0,2.0
03 May,64.0,0.0,1.0,1.0,5.0,1.0,1.0,10.0,1.0,4.0,5.0,1.0,15.0,0.0,1.0,7.0,2.0,1.0,0.0,2.0,7.0,4.0,1.0,1.0,95.0,1.0,8.0,3.0,210.0,1.0,0.0,0.0,1.0,2.0,0.0,15.0,30.0,0.0,4.0,10.0,8.0,6.0,2.0,1.0,0.0,2.0,3.0,8.0,2.0,28.0,2.0,0.0,5.0,1.0,11.0,12.0,23.0,8.0,3.0,63.0,0.0,0.0,13.0,1.0,26.0,2.0,0.0,1.0,1.0,6.0,2.0,499.0,1.0,1.0,1.0,5.0,1.0,1.0,1.0,3.0,11.0,3.0,2.0,0.0,0.0,14.0,4.0,2.0,0.0,21.0,5.0,480.0,0.0,1.0,0.0,16.0,3.0,10.0,2.0,0.0,0.0,4.0,19.0,351.0,4.0,3.0,0.0,15.0,1.0,12.0,1.0,1.0,1.0,2780.0,0.0,5.0,2.0,1.0,14.0,0.0,0.0,0.0,0.0,3.0,1.0,2.0,7.0,1.0,0.0,4.0,1.0,2.0,134.0,1.0,5.0,0.0,2.0,5.0,2.0,3.0,4.0,1.0,0.0,1.0,12.0,1.0,2.0,3.0,2.0,3.0,1.0,1.0,0.0,1.0,1.0,74.0,2.0
04 May,64.0,0.0,1.0,1.0,5.0,1.0,1.0,11.0,1.0,4.0,6.0,1.0,15.0,0.0,1.0,7.0,2.0,2.0,0.0,2.0,7.0,4.0,1.0,1.0,95.0,1.0,8.0,3.0,214.0,1.0,0.0,0.0,1.0,2.0,0.0,15.0,32.0,0.0,5.0,10.0,8.0,6.0,2.0,2.0,0.0,2.0,3.0,9.0,3.0,28.0,3.0,1.0,5.0,1.0,11.0,12.0,23.0,8.0,4.0,63.0,0.0,0.0,13.0,1.0,30.0,2.0,0.0,1.0,1.0,7.0,2.0,511.0,1.0,1.0,1.0,5.0,1.0,1.0,1.0,3.0,11.0,3.0,2.0,0.0,1.0,15.0,4.0,2.0,0.0,22.0,5.0,493.0,0.0,1.0,0.0,16.0,3.0,10.0,2.0,0.0,0.0,5.0,20.0,363.0,4.0,3.0,0.0,15.0,1.0,12.0,1.0,1.0,1.0,2837.0,0.0,5.0,2.0,1.0,14.0,0.0,1.0,0.0,0.0,3.0,1.0,2.0,8.0,1.0,0.0,4.0,1.0,2.0,134.0,1.0,5.0,0.0,2.0,5.0,2.0,3.0,4.0,1.0,0.0,1.0,12.0,1.0,2.0,3.0,2.0,3.0,1.0,1.0,0.0,1.0,1.0,75.0,2.0
05 May,66.0,0.0,1.0,1.0,5.0,1.0,1.0,11.0,1.0,4.0,6.0,1.0,16.0,0.0,1.0,7.0,2.0,2.0,0.0,2.0,8.0,4.0,1.0,2.0,103.0,1.0,8.0,3.0,223.0,1.0,0.0,0.0,1.0,2.0,0.0,15.0,34.0,0.0,5.0,12.0,8.0,6.0,2.0,2.0,0.0,3.0,3.0,11.0,4.0,28.0,3.0,1.0,5.0,1.0,12.0,12.0,23.0,8.0,4.0,63.0,0.0,0.0,13.0,1.0,30.0,2.0,0.0,2.0,1.0,8.0,3.0,561.0,1.0,1.0,1.0,5.0,1.0,1.0,1.0,3.0,11.0,4.0,2.0,0.0,1.0,16.0,4.0,2.0,0.0,22.0,5.0,512.0,0.0,1.0,0.0,16.0,3.0,11.0,2.0,0.0,0.0,5.0,20.0,375.0,4.0,3.0,0.0,15.0,1.0,12.0,1.0,1.0,1.0,2958.0,0.0,6.0,2.0,1.0,16.0,0.0,1.0,0.0,0.0,5.0,1.0,2.0,9.0,1.0,0.0,4.0,1.0,2.0,144.0,1.0,5.0,0.0,2.0,6.0,2.0,3.0,5.0,1.0,0.0,1.0,12.0,1.0,2.0,3.0,2.0,3.0,1.0,1.0,0.0,1.0,1.0,87.0,2.0
06 May,71.0,0.0,1.0,1.0,6.0,2.0,1.0,12.0,1.0,4.0,6.0,1.0,16.0,0.0,1.0,7.0,2.0,3.0,0.0,2.0,8.0,5.0,1.0,2.0,110.0,1.0,8.0,3.0,235.0,1.0,0.0,0.0,1.0,2.0,0.0,15.0,35.0,0.0,5.0,12.0,9.0,6.0,2.0,2.0,0.0,3.0,3.0,11.0,4.0,28.0,3.0,1.0,5.0,3.0,13.0,12.0,25.0,9.0,4.0,63.0,0.0,0.0,13.0,1.0,32.0,2.0,0.0,2.0,1.0,19.0,3.0,589.0,1.0,1.0,1.0,6.0,1.0,1.0,1.0,3.0,12.0,4.0,2.0,0.0,1.0,16.0,4.0,2.0,1.0,23.0,5.0,527.0,0.0,1.0,0.0,16.0,3.0,12.0,2.0,0.0,0.0,5.0,20.0,395.0,4.0,3.0,0.0,15.0,1.0,12.0,1.0,1.0,1.0,3069.0,0.0,6.0,2.0,1.0,18.0,0.0,1.0,1.0,0.0,5.0,1.0,2.0,9.0,1.0,0.0,4.0,1.0,3.0,147.0,1.0,5.0,0.0,2.0,6.0,2.0,3.0,6.0,1.0,0.0,1.0,14.0,1.0,2.0,4.0,2.0,3.0,1.0,1.0,0.0,1.0,1.0,89.0,2.0
07 May,78.0,0.0,1.0,1.0,7.0,2.0,1.0,14.0,1.0,4.0,6.0,1.0,16.0,0.0,1.0,7.0,2.0,3.0,0.0,2.0,8.0,5.0,1.0,2.0,114.0,1.0,8.0,3.0,236.0,1.0,0.0,0.0,1.0,2.0,0.0,15.0,37.0,0.0,5.0,14.0,9.0,6.0,2.0,2.0,0.0,3.0,3.0,13.0,4.0,28.0,3.0,2.0,5.0,3.0,13.0,13.0,28.0,11.0,5.0,66.0,0.0,0.0,13.0,1.0,38.0,2.0,0.0,2.0,1.0,21.0,3.0,637.0,2.0,1.0,1.0,6.0,1.0,1.0,2.0,3.0,12.0,5.0,2.0,0.0,1.0,16.0,4.0,2.0,1.0,25.0,5.0,559.0,0.0,1.0,0.0,18.0,3.0,12.0,2.0,0.0,0.0,5.0,22.0,406.0,4.0,3.0,0.0,16.0,1.0,12.0,1.0,1.0,2.0,3245.0,0.0,7.0,2.0,1.0,19.0,0.0,1.0,1.0,0.0,5.0,1.0,2.0,9.0,1.0,0.0,4.0,1.0,3.0,150.0,1.0,7.0,0.0,2.0,6.0,2.0,3.0,7.0,1.0,0.0,1.0,14.0,1.0,2.0,4.0,3.0,3.0,1.0,1.0,0.0,1.0,1.0,90.0,2.0
08 May,81.0,0.0,1.0,2.0,7.0,2.0,1.0,14.0,1.0,4.0,6.0,1.0,18.0,0.0,2.0,7.0,2.0,3.0,0.0,2.0,8.0,5.0,1.0,2.0,122.0,1.0,8.0,3.0,251.0,1.0,0.0,0.0,2.0,2.0,0.0,15.0,42.0,0.0,5.0,14.0,9.0,6.0,2.0,2.0,0.0,3.0,3.0,13.0,5.0,28.0,3.0,2.0,5.0,3.0,14.0,14.0,29.0,11.0,7.0,75.0,0.0,1.0,13.0,1.0,42.0,3.0,0.0,2.0,1.0,21.0,3.0,691.0,2.0,1.0,1.0,6.0,1.0,1.0,2.0,4.0,12.0,5.0,3.0,0.0,1.0,16.0,4.0,2.0,1.0,26.0,5.0,596.0,0.0,1.0,0.0,19.0,3.0,13.0,2.0,0.0,0.0,5.0,23.0,425.0,4.0,4.0,0.0,16.0,1.0,12.0,1.0,1.0,2.0,3350.0,0.0,8.0,2.0,1.0,19.0,0.0,1.0,1.0,0.0,7.0,1.0,2.0,9.0,1.0,0.0,4.0,1.0,3.0,159.0,1.0,7.0,0.0,2.0,6.0,3.0,3.0,8.0,1.0,0.0,1.0,14.0,1.0,2.0,4.0,4.0,3.0,1.0,1.0,0.0,1.0,2.0,94.0,2.0
09 May,84.0,0.0,1.0,2.0,8.0,3.0,1.0,15.0,1.0,4.0,6.0,1.0,18.0,0.0,3.0,7.0,2.0,3.0,0.0,2.0,8.0,5.0,1.0,2.0,127.0,1.0,8.0,3.0,259.0,1.0,1.0,0.0,2.0,2.0,0.0,18.0,44.0,0.0,6.0,18.0,9.0,6.0,2.0,2.0,0.0,3.0,3.0,15.0,5.0,28.0,3.0,3.0,5.0,3.0,14.0,14.0,32.0,13.0,7.0,79.0,0.0,1.0,13.0,1.0,47.0,3.0,0.0,2.0,1.0,21.0,3.0,725.0,2.0,1.0,1.0,6.0,1.0,1.0,2.0,4.0,12.0,5.0,3.0,0.0,1.0,17.0,4.0,2.0,1.0,27.0,5.0,614.0,0.0,1.0,1.0,19.0,3.0,13.0,2.0,0.0,0.0,5.0,25.0,434.0,5.0,5.0,1.0,17.0,1.0,13.0,1.0,1.0,2.0,3464.0,0.0,9.0,3.0,1.0,19.0,0.0,1.0,1.0,0.0,9.0,1.0,2.0,9.0,1.0,0.0,4.0,1.0,3.0,160.0,2.0,7.0,0.0,2.0,6.0,3.0,3.0,8.0,1.0,0.0,1.0,14.0,1.0,2.0,4.0,4.0,3.0,1.0,1.0,0.0,2.0,3.0,102.0,2.0
10 May,85.0,0.0,1.0,2.0,8.0,3.0,1.0,17.0,1.0,5.0,6.0,1.0,18.0,0.0,3.0,7.0,2.0,3.0,0.0,2.0,8.0,5.0,1.0,2.0,127.0,1.0,8.0,4.0,264.0,1.0,2.0,0.0,2.0,3.0,0.0,19.0,44.0,0.0,7.0,18.0,9.0,7.0,2.0,2.0,0.0,3.0,3.0,15.0,7.0,28.0,3.0,3.0,5.0,3.0,14.0,16.0,33.0,16.0,7.0,86.0,0.0,1.0,13.0,1.0,52.0,3.0,0.0,2.0,1.0,22.0,3.0,761.0,2.0,1.0,1.0,7.0,1.0,1.0,2.0,4.0,12.0,5.0,3.0,0.0,1.0,17.0,4.0,2.0,1.0,28.0,5.0,640.0,0.0,1.0,1.0,19.0,3.0,13.0,2.0,0.0,0.0,6.0,26.0,450.0,5.0,5.0,1.0,17.0,1.0,16.0,1.0,1.0,3.0,3634.0,0.0,9.0,4.0,1.0,20.0,0.0,1.0,1.0,0.0,9.0,1.0,2.0,9.0,1.0,0.0,4.0,1.0,3.0,164.0,2.0,7.0,0.0,2.0,6.0,6.0,3.0,8.0,2.0,0.0,1.0,14.0,1.0,3.0,4.0,4.0,3.0,1.0,1.0,0.0,2.0,4.0,105.0,2.0
11 May,88.0,0.0,1.0,3.0,9.0,3.0,1.0,17.0,1.0,7.0,6.0,1.0,18.0,2.0,3.0,8.0,2.0,5.0,0.0,2.0,8.0,6.0,1.0,2.0,135.0,1.0,10.0,4.0,270.0,1.0,2.0,1.0,2.0,3.0,0.0,19.0,46.0,0.0,8.0,18.0,9.0,7.0,2.0,2.0,0.0,3.0,3.0,19.0,9.0,28.0,3.0,3.0,5.0,3.0,17.0,17.0,35.0,20.0,7.0,88.0,0.0,1.0,13.0,1.0,55.0,3.0,0.0,2.0,1.0,22.0,4.0,786.0,2.0,1.0,1.0,8.0,2.0,1.0,2.0,4.0,12.0,5.0,3.0,0.0,1.0,17.0,4.0,2.0,1.0,28.0,5.0,658.0,0.0,1.0,1.0,21.0,3.0,15.0,2.0,0.0,0.0,7.0,28.0,461.0,5.0,6.0,1.0,17.0,1.0,19.0,1.0,1.0,3.0,3711.0,0.0,10.0,4.0,1.0,20.0,1.0,1.0,1.0,0.0,9.0,2.0,2.0,9.0,1.0,0.0,4.0,1.0,3.0,164.0,2.0,7.0,0.0,2.0,6.0,7.0,3.0,8.0,2.0,0.0,1.0,15.0,1.0,3.0,4.0,5.0,3.0,1.0,1.0,0.0,2.0,4.0,110.0,2.0
12 May,90.0,0.0,1.0,3.0,9.0,5.0,1.0,17.0,1.0,8.0,6.0,1.0,18.0,2.0,3.0,9.0,2.0,5.0,0.0,2.0,8.0,6.0,1.0,2.0,141.0,1.0,10.0,4.0,280.0,1.0,2.0,1.0,2.0,4.0,0.0,20.0,48.0,0.0,9.0,18.0,9.0,7.0,2.0,2.0,0.0,3.0,3.0,20.0,10.0,28.0,5.0,3.0,5.0,3.0,17.0,17.0,37.0,20.0,7.0,91.0,0.0,1.0,14.0,1.0,57.0,3.0,0.0,3.0,1.0,24.0,4.0,824.0,2.0,1.0,1.0,11.0,2.0,1.0,2.0,4.0,12.0,5.0,3.0,0.0,1.0,19.0,4.0,2.0,1.0,31.0,5.0,686.0,0.0,1.0,1.0,22.0,3.0,15.0,2.0,0.0,0.0,8.0,30.0,475.0,5.0,6.0,1.0,18.0,1.0,19.0,1.0,1.0,3.0,3830.0,0.0,10.0,4.0,1.0,25.0,1.0,1.0,1.0,0.0,9.0,2.0,2.0,9.0,1.0,1.0,4.0,1.0,3.0,169.0,3.0,8.0,1.0,2.0,7.0,7.0,3.0,11.0,2.0,1.0,1.0,15.0,1.0,3.0,5.0,5.0,3.0,1.0,1.0,1.0,3.0,4.0,111.0,2.0
13 May,96.0,0.0,1.0,3.0,11.0,5.0,1.0,18.0,1.0,8.0,6.0,1.0,18.0,3.0,3.0,10.0,2.0,10.0,0.0,2.0,11.0,7.0,1.0,2.0,146.0,1.0,10.0,4.0,286.0,2.0,2.0,1.0,2.0,4.0,1.0,20.0,49.0,0.0,9.0,18.0,9.0,7.0,2.0,2.0,0.0,3.0,3.0,23.0,10.0,28.0,5.0,3.0,6.0,3.0,17.0,18.0,38.0,20.0,7.0,99.0,0.0,1.0,14.0,1.0,59.0,3.0,0.0,3.0,1.0,24.0,4.0,856.0,2.0,1.0,1.0,11.0,2.0,1.0,2.0,4.0,12.0,5.0,3.0,0.0,1.0,19.0,4.0,3.0,1.0,35.0,5.0,693.0,0.0,1.0,1.0,23.0,3.0,15.0,2.0,1.0,0.0,8.0,30.0,483.0,5.0,6.0,1.0,18.0,1.0,19.0,1.0,1.0,3.0,3938.0,0.0,10.0,6.0,1.0,25.0,1.0,2.0,1.0,0.0,9.0,2.0,3.0,9.0,1.0,2.0,4.0,1.0,3.0,175.0,3.0,8.0,1.0,2.0,8.0,8.0,3.0,11.0,2.0,2.0,1.0,17.0,1.0,3.0,5.0,5.0,3.0,1.0,1.0,1.0,3.0,5.0,114.0,2.0
14 May,103.0,0.0,1.0,4.0,13.0,6.0,1.0,18.0,1.0,9.0,6.0,1.0,18.0,3.0,4.0,10.0,2.0,10.0,0.0,2.0,11.0,7.0,2.0,2.0,169.0,1.0,11.0,4.0,291.0,2.0,2.0,1.0,2.0,4.0,1.0,21.0,57.0,1.0,9.0,18.0,9.0,8.0,2.0,2.0,0.0,3.0,3.0,26.0,11.0,28.0,5.0,3.0,6.0,3.0,19.0,18.0,39.0,21.0,7.0,102.0,0.0,1.0,14.0,1.0,62.0,3.0,0.0,3.0,1.0,25.0,5.0,914.0,2.0,1.0,1.0,11.0,2.0,1.0,2.0,4.0,12.0,6.0,3.0,0.0,1.0,19.0,4.0,4.0,1.0,40.0,6.0,709.0,0.0,1.0,1.0,23.0,3.0,15.0,2.0,1.0,0.0,8.0,31.0,496.0,5.0,6.0,1.0,19.0,1.0,19.0,1.0,1.0,3.0,4075.0,0.0,13.0,6.0,1.0,26.0,1.0,2.0,1.0,0.0,9.0,2.0,5.0,9.0,1.0,2.0,4.0,1.0,3.0,178.0,3.0,9.0,1.0,2.0,9.0,8.0,3.0,12.0,2.0,3.0,1.0,17.0,1.0,3.0,5.0,5.0,3.0,1.0,1.0,1.0,3.0,6.0,125.0,2.0
15 May,105.0,0.0,1.0,4.0,17.0,6.0,1.0,19.0,1.0,9.0,6.0,2.0,18.0,3.0,5.0,11.0,2.0,11.0,0.0,2.0,11.0,7.0,2.0,2.0,182.0,1.0,11.0,4.0,303.0,2.0,2.0,1.0,2.0,4.0,1.0,22.0,59.0,1.0,10.0,18.0,9.0,8.0,2.0,2.0,0.0,3.0,3.0,29.0,13.0,28.0,5.0,3.0,6.0,4.0,21.0,19.0,42.0,23.0,8.0,106.0,0.0,1.0,14.0,1.0,66.0,3.0,0.0,3.0,1.0,26.0,5.0,950.0,2.0,1.0,1.0,12.0,2.0,1.0,2.0,4.0,13.0,6.0,3.0,1.0,1.0,21.0,4.0,5.0,1.0,46.0,6.0,745.0,0.0,2.0,1.0,23.0,3.0,17.0,2.0,1.0,0.0,8.0,31.0,527.0,5.0,6.0,1.0,19.0,1.0,19.0,2.0,1.0,3.0,4218.0,0.0,13.0,6.0,1.0,26.0,1.0,2.0,1.0,0.0,9.0,3.0,5.0,9.0,1.0,2.0,5.0,1.0,3.0,183.0,3.0,9.0,1.0,3.0,10.0,9.0,3.0,12.0,3.0,3.0,1.0,19.0,1.0,3.0,5.0,5.0,3.0,1.0,1.0,2.0,3.0,6.0,134.0,3.0
16 May,117.0,0.0,1.0,4.0,23.0,7.0,1.0,19.0,1.0,9.0,6.0,2.0,20.0,3.0,6.0,11.0,2.0,11.0,1.0,3.0,12.0,7.0,2.0,2.0,199.0,1.0,11.0,4.0,346.0,2.0,3.0,1.0,2.0,4.0,1.0,24.0,66.0,1.0,10.0,18.0,9.0,10.0,2.0,4.0,0.0,5.0,4.0,35.0,14.0,28.0,5.0,3.0,6.0,4.0,22.0,20.0,42.0,23.0,8.0,118.0,0.0,1.0,14.0,1.0,70.0,4.0,0.0,3.0,1.0,28.0,5.0,1041.0,2.0,1.0,1.0,12.0,2.0,1.0,2.0,4.0,13.0,6.0,3.0,1.0,2.0,21.0,5.0,5.0,1.0,50.0,7.0,790.0,0.0,2.0,1.0,24.0,3.0,19.0,2.0,1.0,0.0,8.0,34.0,561.0,5.0,6.0,1.0,19.0,1.0,21.0,2.0,1.0,3.0,4566.0,0.0,15.0,6.0,1.0,26.0,1.0,2.0,1.0,0.0,9.0,3.0,5.0,10.0,1.0,2.0,5.0,1.0,3.0,194.0,3.0,9.0,1.0,3.0,11.0,11.0,3.0,15.0,3.0,3.0,1.0,19.0,1.0,4.0,5.0,5.0,3.0,1.0,1.0,2.0,3.0,6.0,156.0,3.0
17 May,122.0,0.0,1.0,4.0,26.0,8.0,1.0,19.0,1.0,10.0,7.0,2.0,21.0,3.0,8.0,12.0,2.0,15.0,2.0,3.0,12.0,8.0,3.0,2.0,212.0,1.0,11.0,4.0,360.0,2.0,3.0,1.0,2.0,4.0,1.0,24.0,72.0,1.0,11.0,30.0,9.0,12.0,2.0,4.0,0.0,5.0,5.0,39.0,15.0,28.0,5.0,3.0,6.0,4.0,23.0,21.0,46.0,26.0,8.0,122.0,0.0,1.0,15.0,1.0,76.0,4.0,0.0,3.0,1.0,28.0,6.0,1115.0,2.0,1.0,1.0,15.0,2.0,1.0,2.0,4.0,14.0,6.0,3.0,1.0,2.0,22.0,5.0,5.0,1.0,52.0,8.0,824.0,0.0,2.0,1.0,27.0,3.0,21.0,2.0,1.0,0.0,10.0,37.0,581.0,5.0,6.0,1.0,21.0,2.0,23.0,2.0,2.0,3.0,4715.0,0.0,17.0,6.0,1.0,29.0,1.0,2.0,1.0,0.0,11.0,3.0,5.0,10.0,1.0,2.0,6.0,1.0,5.0,203.0,4.0,9.0,1.0,3.0,12.0,11.0,3.0,15.0,3.0,3.0,1.0,20.0,1.0,5.0,6.0,6.0,4.0,1.0,1.0,2.0,3.0,6.0,175.0,4.0
18 May,128.0,1.0,1.0,5.0,26.0,12.0,1.0,19.0,2.0,11.0,7.0,2.0,22.0,4.0,9.0,12.0,2.0,16.0,2.0,3.0,12.0,9.0,3.0,2.0,228.0,1.0,11.0,4.0,368.0,2.0,4.0,1.0,2.0,4.0,1.0,24.0,80.0,1.0,13.0,30.0,10.0,13.0,2.0,4.0,0.0,5.0,6.0,41.0,15.0,28.0,5.0,3.0,6.0,4.0,24.0,22.0,51.0,27.0,8.0,131.0,0.0,1.0,15.0,1.0,79.0,4.0,0.0,3.0,1.0,29.0,6.0,1169.0,3.0,2.0,1.0,15.0,2.0,1.0,2.0,6.0,14.0,6.0,3.0,1.0,2.0,23.0,5.0,5.0,1.0,55.0,8.0,859.0,0.0,2.0,1.0,27.0,3.0,23.0,2.0,1.0,0.0,10.0,37.0,598.0,5.0,6.0,1.0,21.0,2.0,25.0,3.0,2.0,3.0,4883.0,1.0,18.0,6.0,2.0,29.0,1.0,2.0,1.0,0.0,11.0,3.0,9.0,11.0,1.0,3.0,8.0,1.0,5.0,208.0,4.0,9.0,1.0,3.0,14.0,11.0,4.0,15.0,4.0,3.0,1.0,23.0,1.0,5.0,6.0,6.0,4.0,1.0,1.0,2.0,3.0,7.0,180.0,5.0
19 May,130.0,1.0,1.0,5.0,29.0,12.0,1.0,19.0,2.0,11.0,7.0,2.0,22.0,4.0,10.0,12.0,2.0,17.0,2.0,3.0,12.0,9.0,3.0,3.0,237.0,1.0,12.0,4.0,381.0,2.0,4.0,1.0,2.0,4.0,1.0,25.0,85.0,2.0,13.0,32.0,10.0,14.0,2.0,4.0,0.0,6.0,6.0,42.0,15.0,28.0,5.0,3.0,8.0,4.0,24.0,23.0,53.0,27.0,8.0,136.0,0.0,2.0,15.0,1.0,79.0,4.0,0.0,3.0,1.0,31.0,6.0,1216.0,3.0,2.0,1.0,15.0,3.0,1.0,2.0,6.0,14.0,6.0,3.0,1.0,2.0,23.0,5.0,5.0,2.0,56.0,10.0,897.0,0.0,2.0,1.0,27.0,3.0,26.0,2.0,2.0,0.0,11.0,37.0,622.0,5.0,6.0,1.0,21.0,2.0,26.0,3.0,2.0,3.0,5082.0,1.0,25.0,6.0,2.0,30.0,1.0,2.0,1.0,0.0,11.0,3.0,10.0,11.0,1.0,3.0,8.0,1.0,5.0,212.0,5.0,10.0,1.0,3.0,15.0,11.0,4.0,15.0,4.0,3.0,1.0,24.0,1.0,5.0,6.0,6.0,4.0,1.0,1.0,2.0,3.0,8.0,187.0,5.0
20 May,138.0,1.0,1.0,7.0,39.0,14.0,1.0,19.0,2.0,11.0,8.0,3.0,25.0,4.0,14.0,13.0,2.0,17.0,2.0,3.0,12.0,9.0,3.0,3.0,251.0,1.0,14.0,4.0,397.0,6.0,4.0,1.0,2.0,4.0,1.0,26.0,97.0,2.0,14.0,34.0,10.0,16.0,2.0,4.0,2.0,7.0,6.0,46.0,16.0,28.0,6.0,3.0,8.0,5.0,27.0,25.0,62.0,35.0,9.0,138.0,2.0,2.0,16.0,2.0,84.0,4.0,1.0,4.0,1.0,33.0,7.0,1278.0,3.0,3.0,1.0,15.0,4.0,1.0,2.0,6.0,17.0,7.0,3.0,1.0,2.0,26.0,6.0,5.0,2.0,59.0,15.0,936.0,1.0,2.0,1.0,29.0,3.0,38.0,4.0,2.0,0.0,12.0,41.0,637.0,5.0,6.0,1.0,22.0,2.0,27.0,4.0,2.0,3.0,5273.0,1.0,31.0,6.0,2.0,30.0,1.0,2.0,1.0,1.0,11.0,3.0,11.0,13.0,1.0,3.0,8.0,1.0,5.0,220.0,5.0,14.0,1.0,3.0,15.0,11.0,4.0,15.0,4.0,3.0,1.0,25.0,4.0,7.0,6.0,6.0,4.0,1.0,1.0,4.0,3.0,8.0,192.0,5.0
21 May,141.0,1.0,2.0,7.0,45.0,15.0,1.0,19.0,2.0,11.0,9.0,3.0,25.0,4.0,16.0,14.0,2.0,17.0,2.0,4.0,12.0,9.0,3.0,3.0,264.0,1.0,14.0,4.0,404.0,7.0,5.0,1.0,2.0,4.0,1.0,28.0,105.0,2.0,18.0,34.0,10.0,21.0,2.0,5.0,2.0,7.0,9.0,49.0,16.0,28.0,7.0,3.0,8.0,5.0,28.0,26.0,74.0,40.0,9.0,141.0,2.0,2.0,17.0,2.0,86.0,5.0,1.0,4.0,1.0,35.0,7.0,1312.0,3.0,3.0,1.0,17.0,5.0,1.0,2.0,6.0,17.0,7.0,3.0,1.0,2.0,26.0,7.0,5.0,2.0,60.0,15.0,963.0,1.0,2.0,1.0,33.0,3.0,40.0,4.0,3.0,1.0,12.0,42.0,657.0,6.0,6.0,1.0,24.0,2.0,31.0,4.0,2.0,3.0,5453.0,1.0,32.0,6.0,2.0,32.0,1.0,3.0,1.0,1.0,12.0,3.0,11.0,13.0,1.0,4.0,8.0,1.0,6.0,221.0,5.0,15.0,1.0,3.0,16.0,11.0,4.0,18.0,4.0,3.0,1.0,28.0,5.0,8.0,7.0,6.0,4.0,1.0,1.0,4.0,4.0,9.0,197.0,5.0
22 May,141.0,1.0,2.0,7.0,45.0,15.0,1.0,19.0,2.0,11.0,9.0,3.0,25.0,4.0,16.0,14.0,2.0,17.0,2.0,4.0,12.0,9.0,3.0,3.0,264.0,1.0,14.0,4.0,404.0,7.0,5.0,1.0,2.0,4.0,1.0,28.0,105.0,2.0,18.0,34.0,10.0,21.0,2.0,5.0,2.0,7.0,9.0,49.0,16.0,28.0,7.0,3.0,8.0,5.0,28.0,26.0,74.0,40.0,9.0,141.0,2.0,2.0,17.0,2.0,86.0,5.0,1.0,4.0,1.0,35.0,7.0,1312.0,3.0,3.0,1.0,17.0,5.0,1.0,2.0,6.0,17.0,7.0,3.0,1.0,2.0,26.0,7.0,5.0,2.0,60.0,15.0,963.0,1.0,2.0,1.0,33.0,3.0,40.0,4.0,3.0,1.0,12.0,42.0,657.0,6.0,6.0,1.0,24.0,2.0,31.0,4.0,2.0,3.0,5453.0,1.0,32.0,6.0,2.0,32.0,1.0,3.0,1.0,1.0,12.0,3.0,11.0,13.0,1.0,4.0,8.0,1.0,6.0,221.0,5.0,15.0,1.0,3.0,16.0,11.0,4.0,18.0,4.0,3.0,1.0,28.0,5.0,8.0,7.0,6.0,4.0,1.0,1.0,4.0,4.0,9.0,197.0,5.0
